{"loss":{"0":0.9794201255,"1":0.9434352517,"2":0.9161346555,"3":0.8863245249,"4":0.8617584705,"5":0.8277173638,"6":0.805295527,"7":0.787997663,"8":0.7561507821,"9":0.7367089987,"10":0.719814539,"11":0.7032073736,"12":0.6897472143,"13":0.6716964245,"14":0.6543656588,"15":0.6413702369,"16":0.6337943077,"17":0.6170491576,"18":0.6046942472,"19":0.6008008718,"20":0.5837520361,"21":0.5824837089,"22":0.5759376287,"23":0.5686593652,"24":0.5640053153,"25":0.5607392788,"26":0.5349112749,"27":0.5414220691,"28":0.5413553715,"29":0.5340378284,"30":0.5239351392,"31":0.5189724565,"32":0.5229457617,"33":0.5116867423,"34":0.5063690543,"35":0.5143874288,"36":0.5041398406,"37":0.4913296998,"38":0.4966211021,"39":0.49166888,"40":0.4862113297,"41":0.4895916879,"42":0.485396564,"43":0.4742349386,"44":0.4833637476,"45":0.4903002977,"46":0.4818599522,"47":0.4780423045,"48":0.4693619609,"49":0.475789845,"50":0.4766317606,"51":0.4697895944,"52":0.4609022439,"53":0.4731410146,"54":0.4705203176,"55":0.4614809155,"56":0.4641458392,"57":0.4619100392,"58":0.4614002109,"59":0.4562324286,"60":0.4612423182,"61":0.4564423263,"62":0.4605923891,"63":0.4539273381,"64":0.4547173679,"65":0.4539346695,"66":0.4485941231,"67":0.4569231868,"68":0.4590092003,"69":0.4535844624,"70":0.4435324669,"71":0.4471042454,"72":0.450461477,"73":0.4561194479,"74":0.4476333559,"75":0.4525706172,"76":0.4432532489,"77":0.4487573802,"78":0.4462096989,"79":0.4451330304,"80":0.4448627234,"81":0.4394351244,"82":0.4395131171,"83":0.4447862804,"84":0.4435505867,"85":0.4466051161,"86":0.4359320402,"87":0.4427838027,"88":0.4381954968,"89":0.4414953291,"90":0.443171978,"91":0.4380148649,"92":0.4340726733,"93":0.4358122051,"94":0.4362624884,"95":0.4431465864,"96":0.4429769516,"97":0.4376908541,"98":0.4451760948,"99":0.442928046},"hamming_loss":{"0":0.5370047092,"1":0.4270105362,"2":0.3933566809,"3":0.3570804298,"4":0.3535839319,"5":0.3251748383,"6":0.3055070043,"7":0.2897727489,"8":0.2744755149,"9":0.2460664362,"10":0.2456293702,"11":0.224213317,"12":0.2198426723,"13":0.2041083872,"14":0.1958042085,"15":0.1923077106,"16":0.1835664362,"17":0.1791958213,"18":0.1638986021,"19":0.1726398617,"20":0.1569056064,"21":0.1468531489,"22":0.1468531489,"23":0.1464160979,"24":0.1516608447,"25":0.1394230723,"26":0.1166958138,"27":0.1267482638,"28":0.124125883,"29":0.124125883,"30":0.1145104915,"31":0.1035839245,"32":0.1180069968,"33":0.1013985947,"34":0.1044580415,"35":0.1114510596,"36":0.0970279723,"37":0.0935314819,"38":0.0909091011,"39":0.0957167894,"40":0.0839160904,"41":0.0917832181,"42":0.0891608521,"43":0.0817307681,"44":0.0909090936,"45":0.0909090936,"46":0.0830419585,"47":0.0856643394,"48":0.0799825266,"49":0.0869755223,"50":0.0830419585,"51":0.0795454606,"52":0.071241267,"53":0.0869755298,"54":0.0786713362,"55":0.071678333,"56":0.0734265745,"57":0.0760489628,"58":0.0699300766,"59":0.0716783255,"60":0.0673076883,"61":0.0738636404,"62":0.071241267,"63":0.0699300691,"64":0.07255245,"65":0.0694930106,"66":0.0659965053,"67":0.0721153915,"68":0.0734265745,"69":0.0633741319,"70":0.0659965053,"71":0.0642482564,"72":0.0677447617,"73":0.0699300766,"74":0.0629370734,"75":0.0699300691,"76":0.0620629415,"77":0.0646853149,"78":0.0659965053,"79":0.0668706298,"80":0.0642482564,"81":0.0559440628,"82":0.0572552457,"83":0.0651223809,"84":0.0594405644,"85":0.0664335713,"86":0.0585664362,"87":0.0625000075,"88":0.0607517473,"89":0.0673077032,"90":0.0659965128,"91":0.061188817,"92":0.0581293739,"93":0.061188817,"94":0.0563811176,"95":0.0646853223,"96":0.0712412596,"97":0.0620629452,"98":0.0620629415,"99":0.0664335638},"val_loss":{"0":0.9620025158,"1":0.9438948035,"2":0.9250356555,"3":0.9058532715,"4":0.8866422772,"5":0.8678014874,"6":0.8489249945,"7":0.8310642242,"8":0.8144264221,"9":0.7990083098,"10":0.7848399878,"11":0.7719861865,"12":0.7601652145,"13":0.7492961884,"14":0.7394484878,"15":0.7304816842,"16":0.7222985625,"17":0.7147507071,"18":0.7078968287,"19":0.7016500831,"20":0.6960389018,"21":0.6906362772,"22":0.6856915951,"23":0.6812627316,"24":0.6773270965,"25":0.6734851003,"26":0.6699963212,"27":0.6667581201,"28":0.663480401,"29":0.6607353687,"30":0.6586894393,"31":0.6568801999,"32":0.6549788713,"33":0.6531112194,"34":0.6517939568,"35":0.6502506733,"36":0.6485415101,"37":0.6465954185,"38":0.6450815201,"39":0.6435220242,"40":0.6419731379,"41":0.6403569579,"42":0.6392611861,"43":0.6387647986,"44":0.6381730437,"45":0.6376639009,"46":0.6372045875,"47":0.6362982392,"48":0.6353490353,"49":0.6342235208,"50":0.6337795258,"51":0.6337301731,"52":0.6336371899,"53":0.6333101392,"54":0.6327054501,"55":0.6323293447,"56":0.6320614219,"57":0.6319697499,"58":0.6315583587,"59":0.631698668,"60":0.6318948269,"61":0.6317775846,"62":0.6311693788,"63":0.6308708191,"64":0.6305593252,"65":0.6307632923,"66":0.6311851144,"67":0.6314799786,"68":0.6315147281,"69":0.6311996579,"70":0.6309329867,"71":0.6307653785,"72":0.6304681301,"73":0.6300637722,"74":0.6297428608,"75":0.6294836402,"76":0.6294300556,"77":0.6290315986,"78":0.6288015246,"79":0.628826499,"80":0.6286121011,"81":0.6287128925,"82":0.6286478639,"83":0.6286277175,"84":0.6286333203,"85":0.6286907196,"86":0.6289842129,"87":0.6288403869,"88":0.6288822293,"89":0.6285534501,"90":0.6284248829,"91":0.6284013987,"92":0.6280376911,"93":0.6281715631,"94":0.6281291842,"95":0.628356874,"96":0.6283739209,"97":0.6279162765,"98":0.6277512908,"99":0.6279757023},"val_hamming_loss":{"0":0.4353146851,"1":0.4038461745,"2":0.3802447617,"3":0.3531468511,"4":0.3304195702,"5":0.2989510596,"6":0.2788461745,"7":0.2569930255,"8":0.2438811362,"9":0.2342657447,"10":0.2229021043,"11":0.2176573426,"12":0.2124125957,"13":0.2089160979,"14":0.2045454532,"15":0.2010489851,"16":0.1975524575,"17":0.1949300766,"18":0.1949300766,"19":0.1931818128,"20":0.1888111681,"21":0.1870629638,"22":0.1861888319,"23":0.1844405681,"24":0.1809440702,"25":0.1774475574,"26":0.1739510447,"27":0.1704545617,"28":0.1704545617,"29":0.1652097851,"30":0.166083917,"31":0.1634615511,"32":0.1625874192,"33":0.1625874192,"34":0.1599650383,"35":0.1590909213,"36":0.1590909213,"37":0.1582167894,"38":0.1582167894,"39":0.1582167894,"40":0.1582167894,"41":0.1582167894,"42":0.1555944085,"43":0.1555944085,"44":0.1538461596,"45":0.1520978957,"46":0.1529720277,"47":0.1529720277,"48":0.1520978957,"49":0.1486014128,"50":0.1486014128,"51":0.1494755298,"52":0.1494755298,"53":0.1512237787,"54":0.1494755298,"55":0.1486013979,"56":0.1477272809,"57":0.1477272809,"58":0.1477272809,"59":0.1477272809,"60":0.1486014128,"61":0.1494755298,"62":0.1486013979,"63":0.147727266,"64":0.147727266,"65":0.1468531489,"66":0.1459790319,"67":0.1459790319,"68":0.1459790319,"69":0.1451049149,"70":0.144230783,"71":0.144230783,"72":0.143356666,"73":0.144230783,"74":0.1451049,"75":0.144230783,"76":0.1433566511,"77":0.1433566511,"78":0.1424825341,"79":0.1424825341,"80":0.1424825341,"81":0.1424825341,"82":0.1424825341,"83":0.1424825341,"84":0.1424825341,"85":0.1424825341,"86":0.143356666,"87":0.1451049,"88":0.1451049,"89":0.1451049,"90":0.1451049,"91":0.1451049,"92":0.1451049,"93":0.1433566511,"94":0.1433566511,"95":0.144230783,"96":0.144230783,"97":0.1433566511,"98":0.1433566511,"99":0.1433566511}}