{"loss":{"0":0.9846114516,"1":0.9781664014,"2":0.9792971015,"3":0.9721530676,"4":0.971457541,"5":0.9644822478,"6":0.9600612521,"7":0.9638630152,"8":0.9538969398,"9":0.9491186142,"10":0.9473747015,"11":0.9459393024,"12":0.9468624592,"13":0.9365448356,"14":0.9372497201,"15":0.9343244433,"16":0.9312580228,"17":0.9283899665,"18":0.9250930548,"19":0.9246615767,"20":0.9151708484,"21":0.9111990333,"22":0.9108008742,"23":0.9102781415,"24":0.9037714601,"25":0.901956141,"26":0.8927823901,"27":0.896856308,"28":0.8967304826,"29":0.8813319802,"30":0.876580596,"31":0.8826609254,"32":0.8800356388,"33":0.8749754429,"34":0.8699335456,"35":0.8780450821,"36":0.8745517135,"37":0.8646972179,"38":0.8597123623,"39":0.8596238494,"40":0.8590850234,"41":0.8571310639,"42":0.8510847688,"43":0.8442655802,"44":0.8467414379,"45":0.8455019593,"46":0.8401073217,"47":0.8294157386,"48":0.8296039701,"49":0.8347898722,"50":0.8213213086,"51":0.8190661073,"52":0.8205839396,"53":0.8194271326,"54":0.8149471283,"55":0.8172460198,"56":0.8161882758,"57":0.8072764874,"58":0.8073174953,"59":0.7973905802,"60":0.79572469,"61":0.7956631184,"62":0.8007827997,"63":0.7946007252,"64":0.7847486138,"65":0.7863622308,"66":0.7898981571,"67":0.7884857059,"68":0.7883176804,"69":0.7744192481,"70":0.7699003816,"71":0.7727581263,"72":0.774930954,"73":0.7694744468,"74":0.7669234872,"75":0.7673565149,"76":0.7532249093,"77":0.7613934875,"78":0.767829895,"79":0.7572337985,"80":0.74461025,"81":0.7484279275,"82":0.7455244064,"83":0.7399815917,"84":0.744748652,"85":0.736586988,"86":0.7391110063,"87":0.7426562905,"88":0.7227996588,"89":0.72709167,"90":0.7351159453,"91":0.7294855714,"92":0.7151927352,"93":0.7255915999,"94":0.7152544856,"95":0.7213686705,"96":0.7192077041,"97":0.710113585,"98":0.7176399231,"99":0.7169476151},"hamming_loss":{"0":0.3819929957,"1":0.4807692468,"2":0.4829545319,"3":0.4672203064,"4":0.4667832255,"5":0.4562937021,"6":0.4514860213,"7":0.4567308426,"8":0.4388112128,"9":0.4226398766,"10":0.4348776639,"11":0.4375000298,"12":0.4226398468,"13":0.4042832255,"14":0.4130244553,"15":0.416520983,"16":0.4173951447,"17":0.4016608894,"18":0.392482549,"19":0.391608417,"20":0.3837412894,"21":0.3986014128,"22":0.3889860213,"23":0.3789336085,"24":0.3889859915,"25":0.3784965277,"26":0.3640733957,"27":0.3680069745,"28":0.3701923192,"29":0.349650383,"30":0.3496503532,"31":0.3684440851,"32":0.350961566,"33":0.3409090936,"34":0.3400349617,"35":0.3570804298,"36":0.3457168043,"37":0.3439685702,"38":0.3413461745,"39":0.3391608894,"40":0.3369755447,"41":0.3479021192,"42":0.3395979106,"43":0.3177447617,"44":0.3234265745,"45":0.3326048851,"46":0.3155594468,"47":0.3133741319,"48":0.3076923192,"49":0.3277972043,"50":0.2963286638,"51":0.3116258979,"52":0.3081294,"53":0.2989510894,"54":0.3103146851,"55":0.3024475574,"56":0.2897727489,"57":0.3068181872,"58":0.3024475574,"59":0.2840909064,"60":0.2823426723,"61":0.2980769277,"62":0.2897727191,"63":0.2845279872,"64":0.2801573575,"65":0.2814685404,"66":0.2792832255,"67":0.2819056213,"68":0.2832167745,"69":0.2740384936,"70":0.2805944085,"71":0.2652972043,"72":0.2792832553,"73":0.2596154213,"74":0.2609265745,"75":0.2591783404,"76":0.2574300766,"77":0.2674825191,"78":0.266608417,"79":0.2631119192,"80":0.2508741319,"81":0.246066466,"82":0.2447552681,"83":0.2556818128,"84":0.2386363596,"85":0.2399475574,"86":0.2521853149,"87":0.2465034872,"88":0.2377622575,"89":0.2381993234,"90":0.2504370809,"91":0.2307692468,"92":0.2294580787,"93":0.2338286936,"94":0.225087449,"95":0.2351398617,"96":0.2298951298,"97":0.2224650383,"98":0.2355769277,"99":0.2281468511},"val_loss":{"0":0.976883173,"1":0.9751163125,"2":0.9732984304,"3":0.9715125561,"4":0.9697523117,"5":0.96796,"6":0.9661598206,"7":0.9643684626,"8":0.962561965,"9":0.9607185721,"10":0.9588739276,"11":0.9570229053,"12":0.9552049637,"13":0.9533611536,"14":0.9515083432,"15":0.9496427774,"16":0.9477365017,"17":0.9458838105,"18":0.9440660477,"19":0.9421818256,"20":0.9403080344,"21":0.9383756518,"22":0.93642658,"23":0.934527576,"24":0.9326315522,"25":0.9306870103,"26":0.9287806153,"27":0.9268510938,"28":0.924895227,"29":0.9229345918,"30":0.9209282398,"31":0.9189209342,"32":0.9168961048,"33":0.9149131775,"34":0.9129080176,"35":0.9109447002,"36":0.9090284109,"37":0.9070798755,"38":0.9050542712,"39":0.9030120373,"40":0.9009608626,"41":0.8989217877,"42":0.8968878388,"43":0.8947933316,"44":0.8927516341,"45":0.8907703161,"46":0.8888200521,"47":0.8867744803,"48":0.8847094178,"49":0.882699728,"50":0.8806445599,"51":0.8786497116,"52":0.8766828179,"53":0.8747466803,"54":0.8727447391,"55":0.8707826734,"56":0.8688316345,"57":0.8668754697,"58":0.8649439216,"59":0.863019526,"60":0.8611188531,"61":0.8592354059,"62":0.8573412299,"63":0.8554880619,"64":0.8536065817,"65":0.8516977429,"66":0.8498414755,"67":0.8480837345,"68":0.8462787867,"69":0.8445233703,"70":0.8427174091,"71":0.8409166932,"72":0.8391370773,"73":0.8373475671,"74":0.8355712891,"75":0.8337928653,"76":0.8320222497,"77":0.8303027749,"78":0.8285808563,"79":0.826908052,"80":0.8252145648,"81":0.823548317,"82":0.8218850493,"83":0.8202075958,"84":0.8185426593,"85":0.8169028759,"86":0.8152685165,"87":0.8136506677,"88":0.812017262,"89":0.8104133606,"90":0.8088178635,"91":0.8072319031,"92":0.8056614399,"93":0.8041092157,"94":0.8025483489,"95":0.8009744287,"96":0.7994299531,"97":0.7979259491,"98":0.7964302301,"99":0.7949874401},"val_hamming_loss":{"0":0.4685315192,"1":0.4624126256,"2":0.4597902298,"3":0.4536713362,"4":0.4519230723,"5":0.4449300766,"6":0.4423076808,"7":0.4405594766,"8":0.4379370809,"9":0.4318181872,"10":0.4300699234,"11":0.4239510596,"12":0.4152098,"13":0.4108391702,"14":0.4064685702,"15":0.4055944383,"16":0.4029720426,"17":0.3977273107,"18":0.3968531787,"19":0.3933566809,"20":0.3951049149,"21":0.391608417,"22":0.3881118894,"23":0.3837412894,"24":0.3819930255,"25":0.3767482638,"26":0.3732517362,"27":0.3741259277,"28":0.3715034723,"29":0.3697552681,"30":0.3662587404,"31":0.3645105064,"32":0.3636363745,"33":0.3592657447,"34":0.354020983,"35":0.3496503532,"36":0.3461538553,"37":0.3444056213,"38":0.3435314894,"39":0.3391608596,"40":0.3339160979,"41":0.3304196,"42":0.3286713362,"43":0.3277972043,"44":0.3260489702,"45":0.3225524724,"46":0.3199301064,"47":0.3190559745,"48":0.3173077106,"49":0.3129370511,"50":0.311188817,"51":0.3059440851,"52":0.3041958511,"53":0.3024475873,"54":0.2989510596,"55":0.2937062979,"56":0.291958034,"57":0.2919580638,"58":0.2875874341,"59":0.2867133021,"60":0.2840909064,"61":0.2814685404,"62":0.2779720128,"63":0.2762237787,"64":0.2744755447,"65":0.2744755447,"66":0.2736014128,"67":0.270979017,"68":0.2692307532,"69":0.2683566809,"70":0.2648601532,"71":0.2639860213,"72":0.2639860213,"73":0.2631119192,"74":0.2587412596,"75":0.2578671277,"76":0.2587412596,"77":0.2552447617,"78":0.2561188936,"79":0.2552447617,"80":0.2534965277,"81":0.2508741319,"82":0.2491258681,"83":0.2473776191,"84":0.2447552681,"85":0.2430070043,"86":0.2421328872,"87":0.2412587553,"88":0.2403846234,"89":0.2368881106,"90":0.2351398617,"91":0.2325174958,"92":0.2316433787,"93":0.2298951149,"94":0.229020983,"95":0.2263986021,"96":0.2255244702,"97":0.2255244702,"98":0.2237762362,"99":0.2237762362}}