{"loss":{"0":0.9280898571,"1":0.7311343551,"2":0.6346452236,"3":0.5861653686,"4":0.5585284829,"5":0.5211746097,"6":0.5049042106,"7":0.5023701787,"8":0.4805476964,"9":0.47165519,"10":0.4673653543,"11":0.4582905471,"12":0.4581457376,"13":0.4542289972,"14":0.4482453465,"15":0.439711839,"16":0.4405680597,"17":0.4426493943,"18":0.4393094778,"19":0.4404895008,"20":0.4361076057,"21":0.4426005185,"22":0.4391599,"23":0.4341133833,"24":0.4390463531,"25":0.4389645755,"26":0.4287598729,"27":0.434176892,"28":0.4309460521,"29":0.4298256636,"30":0.427184552,"31":0.4285017848,"32":0.432068795,"33":0.4274674654,"34":0.4294819534,"35":0.4382617772,"36":0.4252807796,"37":0.4216755629,"38":0.4217571318,"39":0.4207710922,"40":0.4217442572,"41":0.423009187,"42":0.4196254611,"43":0.419853121,"44":0.4250262976,"45":0.4321130514,"46":0.4247779846,"47":0.4250325859,"48":0.420057267,"49":0.4188043475,"50":0.4266853631,"51":0.4164874256,"52":0.4124361277,"53":0.425319463,"54":0.4190663099,"55":0.4204162359,"56":0.414355725,"57":0.4177655876,"58":0.4147982895,"59":0.4069584906,"60":0.4242267907,"61":0.4206371009,"62":0.4198529422,"63":0.4202598333,"64":0.4209217727,"65":0.4224420488,"66":0.4126201868,"67":0.4216646254,"68":0.4229453206,"69":0.4199700058,"70":0.4097693264,"71":0.4108785689,"72":0.4115376174,"73":0.4211543202,"74":0.4110971689,"75":0.4193320572,"76":0.4145705402,"77":0.4210167229,"78":0.4089351594,"79":0.4116344452,"80":0.4157049954,"81":0.4183366001,"82":0.4122285545,"83":0.4146814048,"84":0.4121524096,"85":0.4233698845,"86":0.411945641,"87":0.4225028753,"88":0.4156031311,"89":0.4121763408,"90":0.4177152812,"91":0.4091669321,"92":0.4055005312,"93":0.4123278558,"94":0.4098895192,"95":0.426318258,"96":0.415492028,"97":0.413471818,"98":0.4198094606,"99":0.4180703461},"hamming_loss":{"0":0.3091492057,"1":0.2674825191,"2":0.2097902149,"3":0.1805070043,"4":0.1608391851,"5":0.1341783404,"6":0.1254370809,"7":0.1206293777,"8":0.104020983,"9":0.0974650458,"10":0.0895979106,"11":0.0869755298,"12":0.0804195926,"13":0.0804195926,"14":0.0760489553,"15":0.0699300766,"16":0.0694930106,"17":0.071241267,"18":0.0703671426,"19":0.0690559447,"20":0.0646853149,"21":0.069930084,"22":0.0659965053,"23":0.061625883,"24":0.0712412596,"25":0.0686188862,"26":0.0581293739,"27":0.0646853223,"28":0.0607517511,"29":0.0590034984,"30":0.0594405644,"31":0.0563811213,"32":0.0668706372,"33":0.0568181872,"34":0.0585664362,"35":0.0699300766,"36":0.0625000075,"37":0.0572552457,"38":0.055944059,"39":0.0528846234,"40":0.0511363633,"41":0.0524475574,"42":0.0528846234,"43":0.0533216819,"44":0.0555069931,"45":0.0590034947,"46":0.0576923117,"47":0.0616258755,"48":0.0537587404,"49":0.0511363707,"50":0.0568181872,"51":0.0502622388,"52":0.0428321697,"53":0.0546328686,"54":0.0506993048,"55":0.0485139862,"56":0.0480769239,"57":0.0493881218,"58":0.0498251766,"59":0.0402097926,"60":0.0550699346,"61":0.0515734218,"62":0.0489510521,"63":0.0493881106,"64":0.0541958101,"65":0.0546328686,"66":0.0493881144,"67":0.0533216819,"68":0.0537587442,"69":0.0493881144,"70":0.0437062941,"71":0.0441433564,"72":0.0472027995,"73":0.0502622388,"74":0.046765741,"75":0.0489510521,"76":0.0450174846,"77":0.0537587442,"78":0.0441433601,"79":0.046765741,"80":0.046765741,"81":0.0476398617,"82":0.0441433638,"83":0.0498251766,"84":0.0476398617,"85":0.0537587404,"86":0.0454545468,"87":0.0550699346,"88":0.0480769239,"89":0.046765741,"90":0.0506993048,"91":0.0423951037,"92":0.0402097963,"93":0.0450174846,"94":0.0406468548,"95":0.0546328649,"96":0.0450174846,"97":0.0476398617,"98":0.0515734293,"99":0.0541958064},"val_loss":{"0":0.8130860925,"1":0.7163743377,"2":0.6744194031,"3":0.6515543461,"4":0.6400333047,"5":0.6270960569,"6":0.6178424954,"7":0.6095817685,"8":0.6062660217,"9":0.6084779501,"10":0.6102971435,"11":0.6084363461,"12":0.6094632149,"13":0.6108632684,"14":0.6093600988,"15":0.6078467965,"16":0.6066557169,"17":0.6069782376,"18":0.6090622544,"19":0.6093242168,"20":0.6078710556,"21":0.6092498302,"22":0.6113398075,"23":0.6131283641,"24":0.6158914566,"25":0.6177563071,"26":0.6176638603,"27":0.6192254424,"28":0.6200352311,"29":0.6199538708,"30":0.6219735742,"31":0.6239154339,"32":0.6256245971,"33":0.6277108788,"34":0.6308957934,"35":0.6284402609,"36":0.6260496974,"37":0.6229814887,"38":0.6232818961,"39":0.6224481463,"40":0.6204912663,"41":0.6235249043,"42":0.6263189912,"43":0.628462255,"44":0.6306806207,"45":0.6303147674,"46":0.6308622956,"47":0.6296066642,"48":0.6278270483,"49":0.6255009174,"50":0.6257262826,"51":0.6277271509,"52":0.6277394891,"53":0.6268419027,"54":0.6252775788,"55":0.6247577667,"56":0.6264049411,"57":0.6269578934,"58":0.626722455,"59":0.6283680797,"60":0.6290246844,"61":0.6288029552,"62":0.6280795932,"63":0.6271218657,"64":0.625639379,"65":0.6268058419,"66":0.6316863894,"67":0.6324619651,"68":0.6348726749,"69":0.6348552704,"70":0.6339535117,"71":0.6327171326,"72":0.6320995092,"73":0.6300185919,"74":0.6276222467,"75":0.6270515919,"76":0.6262586117,"77":0.624332428,"78":0.6240104437,"79":0.6267986894,"80":0.6317481995,"81":0.636012733,"82":0.6357829571,"83":0.6332458258,"84":0.6308982372,"85":0.6300289631,"86":0.6303967237,"87":0.6320320964,"88":0.6343947053,"89":0.6363409162,"90":0.6383074522,"91":0.6380960941,"92":0.6351652741,"93":0.6329957843,"94":0.6321325302,"95":0.6321693063,"96":0.6316168904,"97":0.6306801438,"98":0.6283577681,"99":0.6304360032},"val_hamming_loss":{"0":0.2500000298,"1":0.2115384936,"2":0.2071678489,"3":0.1791958213,"4":0.1643356681,"5":0.1608391553,"6":0.1573426574,"7":0.1547202915,"8":0.1468531489,"9":0.1486013979,"10":0.147727266,"11":0.1459790319,"12":0.1459790319,"13":0.1468531489,"14":0.1477272809,"15":0.1451049,"16":0.1433566362,"17":0.1416083872,"18":0.1407342702,"19":0.1416083872,"20":0.1398601383,"21":0.1416083872,"22":0.1416083872,"23":0.141608417,"24":0.1398601383,"25":0.1424825341,"26":0.1407342553,"27":0.1372377723,"28":0.1381118894,"29":0.1407342851,"30":0.1398601383,"31":0.1407342702,"32":0.1407342702,"33":0.1416083872,"34":0.1416084021,"35":0.1407342851,"36":0.1389860213,"37":0.1416084021,"38":0.1398601532,"39":0.1363636404,"40":0.1354895234,"41":0.1381118894,"42":0.1381118894,"43":0.1389860213,"44":0.1398601532,"45":0.1389860213,"46":0.1398601532,"47":0.1407342851,"48":0.1398601532,"49":0.1389860213,"50":0.1346153915,"51":0.1363636404,"52":0.1372377723,"53":0.1389860213,"54":0.1407342851,"55":0.1416083872,"56":0.144230783,"57":0.144230783,"58":0.1433566511,"59":0.1407342702,"60":0.1416083872,"61":0.1407342702,"62":0.1407342553,"63":0.1416083872,"64":0.1424825191,"65":0.1424825191,"66":0.1389860213,"67":0.1381118894,"68":0.1398601532,"69":0.1407342702,"70":0.1416084021,"71":0.1407342851,"72":0.1398601532,"73":0.1381118894,"74":0.1372377723,"75":0.1389860213,"76":0.1381118894,"77":0.1389860213,"78":0.1372377723,"79":0.1381118894,"80":0.1381118894,"81":0.1433566511,"82":0.1424825191,"83":0.1407342851,"84":0.1398601532,"85":0.141608417,"86":0.1433566511,"87":0.1433566511,"88":0.1433566511,"89":0.1433566511,"90":0.1424825191,"91":0.1424825191,"92":0.1416083872,"93":0.1407342702,"94":0.1416084021,"95":0.1398601383,"96":0.1389860064,"97":0.1398601383,"98":0.1389860064,"99":0.1389860213}}