{"loss":{"0":0.6950986981,"1":0.6627617478,"2":0.6383447051,"3":0.6048395038,"4":0.5818472505,"5":0.5500173569,"6":0.5211920142,"7":0.4908771217,"8":0.4652934968,"9":0.4541887045,"10":0.4279603958,"11":0.411290437,"12":0.3973280191,"13":0.3764221072,"14":0.361602515,"15":0.3317405581,"16":0.3350358903,"17":0.311208725,"18":0.3047656715,"19":0.2984884083,"20":0.2806649506,"21":0.2681394517,"22":0.2630062997,"23":0.2643312216,"24":0.2579386532,"25":0.2466234267,"26":0.2371866554,"27":0.238451317,"28":0.2200036198,"29":0.2173042148,"30":0.2162693888,"31":0.1966801435,"32":0.2093042582,"33":0.1881607622,"34":0.2009575963,"35":0.1981795132,"36":0.1802456826,"37":0.1780777127,"38":0.1658235937,"39":0.1588663906,"40":0.1757571995,"41":0.1638199389,"42":0.1601221859,"43":0.1638079137,"44":0.1663171798,"45":0.1494282186,"46":0.1387810856,"47":0.1484064758,"48":0.1429134011,"49":0.1352973133,"50":0.1470808685,"51":0.140705511,"52":0.1377756596,"53":0.1436780989,"54":0.1330575943,"55":0.1390924901,"56":0.1240256429,"57":0.1404621452,"58":0.1316266805,"59":0.1333221346,"60":0.1293696463,"61":0.1256884485,"62":0.1134260148,"63":0.1282822043,"64":0.1370234787,"65":0.115590103,"66":0.1201392487,"67":0.1127531826,"68":0.1122283563,"69":0.1157414243,"70":0.1191927716,"71":0.1159623042,"72":0.1087558717,"73":0.1152696982,"74":0.128291145,"75":0.1138684079,"76":0.1067868397,"77":0.1098797768,"78":0.1220599413,"79":0.1154817045,"80":0.1108097658,"81":0.1030070484,"82":0.0923074558,"83":0.0988952518,"84":0.1002332419,"85":0.103260003,"86":0.0960205793,"87":0.1040442884,"88":0.1164807379,"89":0.0899562538,"90":0.0995360538,"91":0.1048986316,"92":0.1003187224,"93":0.0918316171,"94":0.0930824801,"95":0.1028412879,"96":0.0891598687,"97":0.0879582018,"98":0.0851048455,"99":0.0841979757},"hamming_loss":{"0":0.3726132214,"1":0.389770031,"2":0.3398097456,"3":0.2823156416,"4":0.2668516934,"5":0.2418715507,"6":0.2176844031,"7":0.2069785893,"8":0.1823949516,"9":0.1724821627,"10":0.1665344983,"11":0.1613798589,"12":0.1514670998,"13":0.1431403756,"14":0.1399683058,"15":0.1205392629,"16":0.1205392629,"17":0.114988111,"18":0.1066613719,"19":0.1157811284,"20":0.1062648818,"21":0.1015067548,"22":0.0975416452,"23":0.0927835032,"24":0.0931800306,"25":0.0983346701,"26":0.088818416,"27":0.0876288787,"28":0.0737509951,"29":0.0816812143,"30":0.0777161047,"31":0.069785893,"32":0.0761300549,"33":0.0670103058,"34":0.0793021396,"35":0.0749405324,"36":0.0697858855,"37":0.0662172884,"38":0.0618556738,"39":0.0570975468,"40":0.0689928606,"41":0.0606661402,"42":0.0582870767,"43":0.0626487061,"44":0.0618556701,"45":0.052339416,"46":0.0471847765,"47":0.0602696277,"48":0.0535289422,"49":0.0467882641,"50":0.0495638363,"51":0.0459952392,"52":0.049167335,"53":0.0547184795,"54":0.0499603525,"55":0.0578905679,"56":0.047581289,"57":0.0559080169,"58":0.0483743101,"59":0.0507533774,"60":0.049167335,"61":0.041633632,"62":0.042030137,"63":0.0503568612,"64":0.0491673276,"65":0.0384615399,"66":0.0483743101,"67":0.0412371196,"68":0.040047586,"69":0.0432196707,"70":0.0444092005,"71":0.0444092005,"72":0.0392545611,"73":0.044409208,"74":0.0535289496,"75":0.0455987342,"76":0.0392545648,"77":0.0455987342,"78":0.0487708226,"79":0.0463917516,"80":0.0432196707,"81":0.0404440947,"82":0.0384615399,"83":0.0376685224,"84":0.0408406071,"85":0.03727201,"86":0.034496434,"87":0.0376685187,"88":0.0392545611,"89":0.0333069004,"90":0.0380650274,"91":0.0416336246,"92":0.0360824764,"93":0.0352894552,"94":0.0364789851,"95":0.0428231582,"96":0.0340999253,"97":0.0297383014,"98":0.0321173668,"99":0.0317208581},"val_loss":{"0":0.6761090159,"1":0.6565313339,"2":0.6371697783,"3":0.6169025302,"4":0.595508039,"5":0.5734685659,"6":0.5510236621,"7":0.5296881199,"8":0.5109963417,"9":0.4951227605,"10":0.480897516,"11":0.4680726826,"12":0.4562216699,"13":0.4466914237,"14":0.4385069907,"15":0.4310502112,"16":0.4234849513,"17":0.416655153,"18":0.4105354249,"19":0.4051529467,"20":0.4007126093,"21":0.396630317,"22":0.3932106197,"23":0.3899627626,"24":0.3869768083,"25":0.3844694793,"26":0.381575495,"27":0.3788944185,"28":0.3767956793,"29":0.3747846186,"30":0.3727281988,"31":0.3708190918,"32":0.3694491386,"33":0.3685709238,"34":0.3675040901,"35":0.3662172258,"36":0.3653542101,"37":0.3648105562,"38":0.3639411628,"39":0.3632251918,"40":0.3628771007,"41":0.3624425828,"42":0.3627165258,"43":0.3623430729,"44":0.3616792262,"45":0.3611072004,"46":0.3610795438,"47":0.36098364,"48":0.3602820933,"49":0.3604515493,"50":0.3616279066,"51":0.3627296984,"52":0.3630081117,"53":0.3632191122,"54":0.3638702929,"55":0.3637083471,"56":0.3637576103,"57":0.3638044894,"58":0.3641347587,"59":0.3641680181,"60":0.3646398485,"61":0.3652951717,"62":0.3658060133,"63":0.3657904565,"64":0.3652056456,"65":0.365863204,"66":0.3667262793,"67":0.367675513,"68":0.3683199584,"69":0.3692088127,"70":0.3695960045,"71":0.3698089123,"72":0.3715322018,"73":0.3732258379,"74":0.3748247921,"75":0.3758579791,"76":0.3759829998,"77":0.3759231269,"78":0.3759769499,"79":0.375585705,"80":0.3741948307,"81":0.3734496534,"82":0.3739051819,"83":0.3744001389,"84":0.3756769001,"85":0.3768417835,"86":0.3780895174,"87":0.3789782524,"88":0.3795372546,"89":0.3786896169,"90":0.3777035773,"91":0.3769764006,"92":0.3769385815,"93":0.3774150908,"94":0.3783326149,"95":0.3794672787,"96":0.3807914555,"97":0.3820689619,"98":0.3831807077,"99":0.384845823},"val_hamming_loss":{"0":0.4182692468,"1":0.350961566,"2":0.3092948496,"3":0.2764423192,"4":0.2596153915,"5":0.2419871837,"6":0.2291666716,"7":0.2115384787,"8":0.1955128312,"9":0.1923077106,"10":0.1786859035,"11":0.162660256,"12":0.1602564156,"13":0.1554487199,"14":0.1514423043,"15":0.1530448794,"16":0.1538461596,"17":0.1514423043,"18":0.1506410241,"19":0.1506410241,"20":0.1490384787,"21":0.1482371837,"22":0.1482371837,"23":0.1482371986,"24":0.1482371986,"25":0.1474359185,"26":0.1458333433,"27":0.1442307681,"28":0.1442307681,"29":0.1442307681,"30":0.1434295028,"31":0.1426282078,"32":0.1434295028,"33":0.1434295028,"34":0.1418269277,"35":0.1418269277,"36":0.1418269277,"37":0.1402243823,"38":0.1394230872,"39":0.1386218071,"40":0.1394230872,"41":0.1362179518,"42":0.1354166716,"43":0.1338141114,"44":0.1322115362,"45":0.1322115362,"46":0.1330128163,"47":0.131410256,"48":0.1290064305,"49":0.1290064305,"50":0.1282051355,"51":0.1290064156,"52":0.1290064156,"53":0.1290064156,"54":0.1298076957,"55":0.1306089759,"56":0.1306089759,"57":0.1306089759,"58":0.1322115511,"59":0.1298076957,"60":0.1290064305,"61":0.1290064305,"62":0.1306089759,"63":0.1290064156,"64":0.1290064007,"65":0.1298076957,"66":0.1290064156,"67":0.1290064156,"68":0.1290064156,"69":0.1290064156,"70":0.1282051355,"71":0.1274038553,"72":0.1290064007,"73":0.1290064007,"74":0.1290064007,"75":0.1290064007,"76":0.1298076957,"77":0.1298076957,"78":0.1290064305,"79":0.1298076957,"80":0.1290064007,"81":0.1274038553,"82":0.1274038553,"83":0.1282051355,"84":0.1274038553,"85":0.1282051355,"86":0.1290064156,"87":0.1282051355,"88":0.1274038404,"89":0.1282051355,"90":0.1290064007,"91":0.1274038553,"92":0.1274038553,"93":0.1266025752,"94":0.1266025752,"95":0.1274038553,"96":0.1274038553,"97":0.1266025752,"98":0.1266025752,"99":0.1266025752}}