{"loss":{"0":0.6353695989,"1":0.4393010437,"2":0.3560158312,"3":0.2939389944,"4":0.2514853179,"5":0.210304752,"6":0.1917849928,"7":0.1676107198,"8":0.1611987203,"9":0.1613569409,"10":0.1554986686,"11":0.147319153,"12":0.1320278496,"13":0.130438447,"14":0.1433866471,"15":0.127268821,"16":0.12294209,"17":0.0999904647,"18":0.1298357248,"19":0.1038805023,"20":0.1141899154,"21":0.1020211354,"22":0.1014009938,"23":0.1083070114,"24":0.1188759282,"25":0.1119823977,"26":0.1267672032,"27":0.1116998345,"28":0.1115752086,"29":0.1131372154,"30":0.0913735405,"31":0.0792322233,"32":0.1083129048,"33":0.0944561735,"34":0.0972122103,"35":0.1113418862,"36":0.1067865044,"37":0.1032516807,"38":0.0854641497,"39":0.0978895053,"40":0.1006048843,"41":0.1039856672,"42":0.0846322924,"43":0.1122737303,"44":0.0960635915,"45":0.0980215743,"46":0.0947944373,"47":0.0949187428,"48":0.0932336226,"49":0.0815848932,"50":0.0964747444,"51":0.0849221721,"52":0.0890298262,"53":0.0933210254,"54":0.0885403603,"55":0.082909368,"56":0.087578997,"57":0.0946976766,"58":0.094166629,"59":0.0911229551,"60":0.1069522724,"61":0.0931804478,"62":0.0899199843,"63":0.1017105952,"64":0.1091075018,"65":0.0874669477,"66":0.0910501257,"67":0.0882477909,"68":0.0893306136,"69":0.0817777663,"70":0.0833253562,"71":0.090720512,"72":0.0948535576,"73":0.0844416171,"74":0.0875753015,"75":0.0982948318,"76":0.095972158,"77":0.0873501375,"78":0.1030426919,"79":0.0893462673,"80":0.0848644674,"81":0.0758910328,"82":0.0774027556,"83":0.0855506137,"84":0.071795851,"85":0.0850732177,"86":0.0877852589,"87":0.0933955908,"88":0.1092862189,"89":0.0799500793,"90":0.0907679722,"91":0.0849060565,"92":0.0987751484,"93":0.0744149685,"94":0.0918817297,"95":0.1069540903,"96":0.0642344952,"97":0.0877647102,"98":0.0815556869,"99":0.0992239937},"hamming_loss":{"0":0.2956901193,"1":0.177636832,"2":0.1439334005,"3":0.1169706583,"4":0.1074544117,"5":0.0876288638,"6":0.0773195848,"7":0.0701823905,"8":0.0646312535,"9":0.0630452037,"10":0.0650277585,"11":0.0618556738,"12":0.0555115007,"13":0.0523394123,"14":0.0586835928,"15":0.0551149882,"16":0.0483743101,"17":0.0459952466,"18":0.0511498861,"19":0.0432196707,"20":0.0487708226,"21":0.0440126881,"22":0.044805713,"23":0.044805713,"24":0.04956384,"25":0.0507533737,"26":0.0503568612,"27":0.0499603488,"28":0.0459952466,"29":0.0547184832,"30":0.0412371121,"31":0.0313243456,"32":0.0452022254,"33":0.0392545611,"34":0.0424266458,"35":0.0499603488,"36":0.0499603525,"37":0.0491673276,"38":0.0368754975,"39":0.0412371196,"40":0.0428231582,"41":0.0424266495,"42":0.0392545648,"43":0.0539254583,"44":0.0432196632,"45":0.0440126881,"46":0.042030137,"47":0.0388580486,"48":0.0412371196,"49":0.0384615399,"50":0.0471847765,"51":0.0376685187,"52":0.0396510735,"53":0.0428231619,"54":0.03727201,"55":0.0384615399,"56":0.0325138792,"57":0.0428231582,"58":0.0432196707,"59":0.0388580486,"60":0.0471847765,"61":0.0380650312,"62":0.0388580523,"63":0.0471847728,"64":0.0491673276,"65":0.0392545611,"66":0.0396510698,"67":0.042030137,"68":0.0396510735,"69":0.0352894552,"70":0.0396510735,"71":0.0404440947,"72":0.0428231582,"73":0.0424266495,"74":0.0440126881,"75":0.0463917516,"76":0.0420301333,"77":0.0408406071,"78":0.0455987342,"79":0.0416336246,"80":0.0384615399,"81":0.0333069004,"82":0.0352894552,"83":0.0368755013,"84":0.030927835,"85":0.0384615436,"86":0.0376685187,"87":0.0380650312,"88":0.044805713,"89":0.0340999216,"90":0.0436161831,"91":0.0388580486,"92":0.0412371121,"93":0.0321173705,"94":0.03727201,"95":0.0471847765,"96":0.0281522591,"97":0.0388580486,"98":0.03727201,"99":0.0408406034},"val_loss":{"0":0.5051817298,"1":0.4100731313,"2":0.3832721412,"3":0.3644882441,"4":0.3546045125,"5":0.3463861048,"6":0.3412862122,"7":0.3388869762,"8":0.3396591246,"9":0.3440718651,"10":0.3536315858,"11":0.360427022,"12":0.3665661514,"13":0.3672134876,"14":0.360081166,"15":0.3582634032,"16":0.3651346266,"17":0.3722920418,"18":0.3806914091,"19":0.3866072595,"20":0.3897651434,"21":0.3890047967,"22":0.394208461,"23":0.4033021033,"24":0.4064801037,"25":0.4037877023,"26":0.3882878721,"27":0.3888851106,"28":0.389592737,"29":0.3944849074,"30":0.3972374499,"31":0.399910301,"32":0.4069409668,"33":0.4164167643,"34":0.4207320213,"35":0.4230205715,"36":0.4255672991,"37":0.4292966425,"38":0.4310371876,"39":0.4283856452,"40":0.4302749634,"41":0.430445075,"42":0.4333617687,"43":0.4324602783,"44":0.4339956045,"45":0.4345763028,"46":0.4376058877,"47":0.4426332414,"48":0.4454100132,"49":0.4481889009,"50":0.4478571713,"51":0.4497152269,"52":0.4470895827,"53":0.4422972202,"54":0.4420076907,"55":0.444111228,"56":0.4480184615,"57":0.4515289366,"58":0.45699808,"59":0.4610061944,"60":0.4597769678,"61":0.4632970989,"62":0.4627371132,"63":0.4701975584,"64":0.4736363888,"65":0.4779596627,"66":0.4820364416,"67":0.492733717,"68":0.4964059889,"69":0.4899988174,"70":0.4818229973,"71":0.4841476977,"72":0.4948750436,"73":0.5003895164,"74":0.5052209496,"75":0.507222414,"76":0.5076820254,"77":0.5054537654,"78":0.501922667,"79":0.4916218817,"80":0.4904454947,"81":0.4982638359,"82":0.5071462989,"83":0.5138238072,"84":0.5206605196,"85":0.5225266814,"86":0.5249231458,"87":0.5261037946,"88":0.5328027606,"89":0.542313993,"90":0.54660815,"91":0.5615442395,"92":0.5666280985,"93":0.576350987,"94":0.5778755546,"95":0.5733588934,"96":0.5630108714,"97":0.5594659448,"98":0.5577206016,"99":0.5625573993},"val_hamming_loss":{"0":0.1899038553,"1":0.1554487199,"2":0.1490384787,"3":0.1322115511,"4":0.1266025752,"5":0.1233974472,"6":0.122596167,"7":0.1201923117,"8":0.1193910316,"9":0.1185897589,"10":0.1201923117,"11":0.1217948794,"12":0.1225961521,"13":0.1201923117,"14":0.1177884713,"15":0.1169871762,"16":0.1185897514,"17":0.1209935918,"18":0.1169871762,"19":0.1169871911,"20":0.1169871911,"21":0.1145833358,"22":0.1169871911,"23":0.1145833358,"24":0.1121794879,"25":0.1137820482,"26":0.115384616,"27":0.1161859035,"28":0.1169871762,"29":0.1209935918,"30":0.1225961521,"31":0.1266025752,"32":0.1266025752,"33":0.1266025752,"34":0.1266025752,"35":0.1233974472,"36":0.1177884638,"37":0.115384616,"38":0.1161859035,"39":0.1169871911,"40":0.1193910241,"41":0.1209935918,"42":0.1201923192,"43":0.1193910316,"44":0.1209935918,"45":0.1177884638,"46":0.115384616,"47":0.115384616,"48":0.1161859035,"49":0.1217948869,"50":0.1201923117,"51":0.1185897514,"52":0.1177884638,"53":0.115384616,"54":0.1177884638,"55":0.1177884638,"56":0.115384616,"57":0.1137820557,"58":0.1145833433,"59":0.1169871911,"60":0.116185911,"61":0.1185897514,"62":0.1193910316,"63":0.1209935918,"64":0.1209936067,"65":0.1193910465,"66":0.1185897589,"67":0.1209936067,"68":0.1209936067,"69":0.1209936067,"70":0.1177884713,"71":0.1193910316,"72":0.1209936067,"73":0.1225961521,"74":0.122596167,"75":0.1209935918,"76":0.1193910465,"77":0.1185897589,"78":0.1201923192,"79":0.122596167,"80":0.1209935918,"81":0.1201923266,"82":0.1209935918,"83":0.1201923117,"84":0.1217948794,"85":0.1217948794,"86":0.1217948794,"87":0.1193910316,"88":0.1201923192,"89":0.122596167,"90":0.1201923117,"91":0.1209935918,"92":0.1217948794,"93":0.1258012801,"94":0.1258012801,"95":0.1258012801,"96":0.1258012801,"97":0.1258012801,"98":0.1266025752,"99":0.1282051355}}