{"loss":{"0":0.7022671103,"1":0.7009001374,"2":0.7002709508,"3":0.6940207481,"4":0.6913969517,"5":0.6892231703,"6":0.6861622334,"7":0.6767110825,"8":0.6722759604,"9":0.6712355614,"10":0.6707158685,"11":0.6703879833,"12":0.669770062,"13":0.6629619598,"14":0.6593568325,"15":0.6486341953,"16":0.651655972,"17":0.6466144323,"18":0.6439771652,"19":0.6396899819,"20":0.6378808022,"21":0.6331524253,"22":0.6327501535,"23":0.6346532106,"24":0.6304904819,"25":0.624755919,"26":0.6229718924,"27":0.6223208904,"28":0.6150645018,"29":0.613371253,"30":0.6110237241,"31":0.6053903103,"32":0.608971417,"33":0.596560061,"34":0.6028104424,"35":0.603298068,"36":0.5909010768,"37":0.5904034972,"38":0.5873886347,"39":0.579998374,"40":0.5808202028,"41":0.5802769661,"42":0.5781784654,"43":0.5760415196,"44":0.5733525157,"45":0.5698854923,"46":0.5646004081,"47":0.5700415969,"48":0.5602104664,"49":0.5563588738,"50":0.5555738211,"51":0.5511633158,"52":0.5472728014,"53":0.5479998589,"54":0.5358095765,"55":0.5429293513,"56":0.535844028,"57":0.5319425464,"58":0.5348157883,"59":0.5277443528,"60":0.5286729932,"61":0.5304845572,"62":0.5136706829,"63":0.5193998814,"64":0.5294510126,"65":0.5143683553,"66":0.5126830339,"67":0.5035262704,"68":0.5061845183,"69":0.5076529384,"70":0.5069121122,"71":0.501606524,"72":0.5042530894,"73":0.4894415736,"74":0.4956906438,"75":0.4909734726,"76":0.4825013578,"77":0.4847117662,"78":0.4894048274,"79":0.4767325819,"80":0.4818820059,"81":0.4747567177,"82":0.473200798,"83":0.4700698853,"84":0.4690609276,"85":0.4667233229,"86":0.4622269869,"87":0.4553677738,"88":0.4682356715,"89":0.4531502724,"90":0.4562971294,"91":0.4572298229,"92":0.4500692189,"93":0.4447498024,"94":0.4420395195,"95":0.4411604702,"96":0.4384929538,"97":0.4308894873,"98":0.4288407564,"99":0.4349492788},"hamming_loss":{"0":0.3895253837,"1":0.4738303423,"2":0.4762093425,"3":0.459159404,"4":0.4591594636,"5":0.4496431649,"6":0.4436955452,"7":0.4210944176,"8":0.4131641686,"9":0.4095956087,"10":0.4028549194,"11":0.4048374295,"12":0.407613039,"13":0.3838223219,"14":0.3766852319,"15":0.3671689332,"16":0.3620143235,"17":0.3501189649,"18":0.350515455,"19":0.3350515366,"20":0.3441713154,"21":0.3366375864,"22":0.329500407,"23":0.340206176,"24":0.3334655464,"25":0.3168120682,"26":0.3080888093,"27":0.3152260482,"28":0.3108643889,"29":0.3037272096,"30":0.2922284305,"31":0.2934179306,"32":0.2835051417,"33":0.280729562,"34":0.2807295918,"35":0.290245831,"36":0.2759714723,"37":0.2724028528,"38":0.2660586834,"39":0.2613005638,"40":0.2660587132,"41":0.2577319443,"42":0.2581284642,"43":0.2577319443,"44":0.2466296703,"45":0.2375099212,"46":0.2446471006,"47":0.2541633844,"48":0.2430610806,"49":0.239492476,"50":0.24861224,"51":0.2272006571,"52":0.2335448265,"53":0.2367168963,"54":0.2208564579,"55":0.2299762219,"56":0.2228390425,"57":0.2176843882,"58":0.2236320525,"59":0.2196669579,"60":0.2164948434,"61":0.2228390425,"62":0.210547179,"63":0.2149088234,"64":0.2319587767,"65":0.2141157687,"66":0.2006344348,"67":0.2049960345,"68":0.2069786042,"69":0.208961159,"70":0.2034099996,"71":0.199048385,"72":0.2018239647,"73":0.1966693401,"74":0.1974623501,"75":0.1954797953,"76":0.1851705164,"77":0.190721646,"78":0.1899286211,"79":0.1899286211,"80":0.1871530563,"81":0.1923077106,"82":0.1859635413,"83":0.1934972107,"84":0.1875495911,"85":0.1736717075,"86":0.1744647324,"87":0.1744647026,"88":0.1831879616,"89":0.1736717224,"90":0.1724821627,"91":0.1804123968,"92":0.1697065979,"93":0.1704996079,"94":0.1720856577,"95":0.1649484783,"96":0.1701031178,"97":0.1601903439,"98":0.1613798738,"99":0.1597938389},"val_loss":{"0":0.6944432259,"1":0.6923090816,"2":0.6901840568,"3":0.6880869865,"4":0.6860356927,"5":0.6840257645,"6":0.6820221543,"7":0.6800176501,"8":0.6781328321,"9":0.6763162613,"10":0.6744875908,"11":0.6726995111,"12":0.6708741188,"13":0.6690781713,"14":0.6672866344,"15":0.6654731035,"16":0.6636813879,"17":0.6619219184,"18":0.6601392627,"19":0.6583808064,"20":0.6566040516,"21":0.6547470689,"22":0.6528820395,"23":0.6510154605,"24":0.6491755843,"25":0.6473147273,"26":0.6454478502,"27":0.6435990334,"28":0.6416809559,"29":0.6397387385,"30":0.6377736926,"31":0.6358370781,"32":0.6339074969,"33":0.6320173144,"34":0.630071044,"35":0.6281587481,"36":0.6262233853,"37":0.6242118478,"38":0.6222749352,"39":0.6202769279,"40":0.6182476878,"41":0.6162316799,"42":0.6142864823,"43":0.6123762131,"44":0.6104866266,"45":0.6086137891,"46":0.6066311002,"47":0.6046363711,"48":0.6025965214,"49":0.6004795432,"50":0.5983658433,"51":0.5962468386,"52":0.5941360593,"53":0.5919730663,"54":0.5898327231,"55":0.587780118,"56":0.5856514573,"57":0.5835419297,"58":0.5814304352,"59":0.5794092417,"60":0.5773596168,"61":0.5753868222,"62":0.5734024048,"63":0.571393311,"64":0.5694792867,"65":0.5675214529,"66":0.5656083226,"67":0.563634932,"68":0.5616917014,"69":0.5597119331,"70":0.5577189326,"71":0.5556847453,"72":0.5536724925,"73":0.5517013669,"74":0.5498304963,"75":0.5479474068,"76":0.5461062789,"77":0.5443576574,"78":0.5425277352,"79":0.5407682061,"80":0.539011538,"81":0.5372664928,"82":0.5354908109,"83":0.5336686969,"84":0.5318789482,"85":0.5300918818,"86":0.5283158422,"87":0.5265049934,"88":0.5247869492,"89":0.5230563283,"90":0.5213066936,"91":0.5195940733,"92":0.5179650187,"93":0.5163097382,"94":0.5146154165,"95":0.5129660964,"96":0.5114087462,"97":0.5098078847,"98":0.508225143,"99":0.5066292286},"val_hamming_loss":{"0":0.4807692468,"1":0.4727564156,"2":0.4663461745,"3":0.4607371986,"4":0.4511218071,"5":0.4431090057,"6":0.4342949092,"7":0.4270833433,"8":0.4182692468,"9":0.4118590057,"10":0.40625,"11":0.4030448496,"12":0.3958333433,"13":0.3926281929,"14":0.3886218071,"15":0.3814102709,"16":0.3741987646,"17":0.3709936142,"18":0.3677884638,"19":0.3581731021,"20":0.3541666567,"21":0.3477564156,"22":0.3445513248,"23":0.3429487646,"24":0.3429487646,"25":0.3365384638,"26":0.3309294879,"27":0.3245192468,"28":0.3229166865,"29":0.3197115362,"30":0.3157051504,"31":0.3076923192,"32":0.3052884936,"33":0.301282078,"34":0.2988782227,"35":0.2972756624,"36":0.2964743674,"37":0.2924679816,"38":0.2908653915,"39":0.288461566,"40":0.2860577106,"41":0.2828525603,"42":0.280448705,"43":0.2772436142,"44":0.2756410539,"45":0.2740384638,"46":0.2732371986,"47":0.2724359035,"48":0.270032078,"49":0.2676282227,"50":0.2668269277,"51":0.2644231021,"52":0.2628205121,"53":0.2604166567,"54":0.2588140965,"55":0.2572115362,"56":0.2564102709,"57":0.2548077106,"58":0.2532051504,"59":0.2516025603,"60":0.2467948943,"61":0.2451923341,"62":0.244391039,"63":0.244391039,"64":0.2395833582,"65":0.2371795028,"66":0.2339743823,"67":0.231570527,"68":0.2291666716,"69":0.2283654064,"70":0.2275641114,"71":0.2267628312,"72":0.2275641114,"73":0.2259615511,"74":0.2251602858,"75":0.2235577106,"76":0.2219551355,"77":0.2179487348,"78":0.2171474546,"79":0.2171474546,"80":0.2163461596,"81":0.2139423341,"82":0.213141039,"83":0.2115384787,"84":0.2099359035,"85":0.2099359035,"86":0.2059295028,"87":0.2051282078,"88":0.2043269277,"89":0.2019230872,"90":0.2019230872,"91":0.2019230872,"92":0.2011218071,"93":0.2011218071,"94":0.200320527,"95":0.200320527,"96":0.1979166865,"97":0.1955128312,"98":0.194711566,"99":0.1939102858}}