{"loss":{"0":7.5654063225,"1":7.3171973228,"2":7.1500473022,"3":6.9569759369,"4":7.0565719604,"5":6.8511910439,"6":6.7843160629,"7":7.15650177,"8":7.3134393692,"9":7.8008651733,"10":8.0421333313,"11":8.597902298,"12":9.1433134079,"13":9.8529195786,"14":9.2356681824,"15":11.1735601425,"16":10.3171739578,"17":12.1385354996,"18":12.3506650925,"19":12.2389755249,"20":13.4489469528,"21":14.3731060028,"22":14.000213623,"23":15.9411668777,"24":17.0696811676,"25":18.1300086975,"26":17.4357948303,"27":19.1774921417,"28":21.6385555267,"29":21.6576824188,"30":22.329580307,"31":23.1938381195,"32":24.467672348,"33":24.6225814819,"34":27.575799942,"35":30.2529239655,"36":28.9699859619,"37":30.3137512207,"38":32.6872711182,"39":34.1562385559,"40":34.8979911804,"41":38.5687637329,"42":37.8322143555,"43":39.8058242798,"44":39.8461647034,"45":41.2371520996,"46":42.5812911987,"47":41.6405181885,"48":45.3295860291,"49":47.8563041687,"50":48.6804771423,"51":51.3651885986,"52":53.8588523865,"53":54.4712333679,"54":57.3991203308,"55":56.5742340088,"56":57.5846481323,"57":58.0918235779,"58":59.1540756226,"59":63.5539321899,"60":63.1891860962,"61":65.5867385864,"62":66.8556671143,"63":68.4875946045,"64":68.7930831909,"65":69.3431091309,"66":70.1231155396,"67":74.5338058472,"68":76.0829544067,"69":77.3925704956,"70":87.3830871582,"71":84.5636672974,"72":82.5972595215,"73":89.001411438,"74":90.551574707,"75":94.5298919678,"76":95.3212890625,"77":93.2411499023,"78":88.6810760498,"79":102.8422088623,"80":100.1016921997,"81":102.1717147827,"82":101.9128875732,"83":102.3963546753,"84":108.3801574707,"85":111.0579833984,"86":113.2996826172,"87":110.9177474976,"88":108.4564208984,"89":114.8432998657,"90":119.8324508667,"91":118.3012313843,"92":124.8924865723,"93":118.83253479,"94":123.9742431641,"95":125.4325180054,"96":127.0409851074,"97":129.6431121826,"98":127.0650939941,"99":127.1040878296},"hamming_loss":{"0":0.3859792948,"1":0.468675673,"2":0.4651070535,"3":0.4579698741,"4":0.4492466748,"5":0.4674861133,"6":0.4647105634,"7":0.4496431649,"8":0.4536082745,"9":0.469468683,"10":0.4865186214,"11":0.4932594001,"12":0.5146709085,"13":0.5360825062,"14":0.5333068967,"15":0.5483743548,"16":0.557890594,"17":0.5777161121,"18":0.5840602517,"19":0.592386961,"20":0.60111022,"21":0.6086440086,"22":0.6134020686,"23":0.6161776185,"24":0.629262507,"25":0.6260904074,"26":0.6443299055,"27":0.6375892758,"28":0.6467090249,"29":0.6415543556,"30":0.651863575,"31":0.6562252045,"32":0.6554322243,"33":0.6554322243,"34":0.6649484634,"35":0.6649484634,"36":0.6685171127,"37":0.6657416224,"38":0.6665344834,"39":0.668120563,"40":0.6685170531,"41":0.6701030731,"42":0.6760507822,"43":0.6740681529,"44":0.678429842,"45":0.6736716628,"46":0.6819984317,"47":0.6780334115,"48":0.6812053323,"49":0.6804124713,"50":0.6831879616,"51":0.6851705313,"52":0.678429842,"53":0.6883426309,"54":0.6859635711,"55":0.6891356111,"56":0.6899285913,"57":0.6899286509,"58":0.6907217503,"59":0.6915146112,"60":0.6899285913,"61":0.6915147901,"62":0.6915147305,"63":0.6899286509,"64":0.690325141,"65":0.6911182404,"66":0.6911182404,"67":0.6911182404,"68":0.6911182404,"69":0.6931006908,"70":0.6938937306,"71":0.6899286509,"72":0.6923077106,"73":0.6923077106,"74":0.6923077106,"75":0.6923077106,"76":0.6934972405,"77":0.6954798102,"78":0.6919112206,"79":0.6938937306,"80":0.6934971809,"81":0.6938938498,"82":0.6934972405,"83":0.6931007504,"84":0.6931007504,"85":0.6938937306,"86":0.6923077703,"87":0.6942902207,"88":0.6931007504,"89":0.6934972405,"90":0.6938938498,"91":0.6942902207,"92":0.6927042603,"93":0.6919111013,"94":0.6927042603,"95":0.6934972405,"96":0.6934972405,"97":0.6934972405,"98":0.6934972405,"99":0.6950833201},"val_loss":{"0":7.6820750237,"1":7.540063858,"2":7.4061031342,"3":7.283094883,"4":7.1934695244,"5":7.1488246918,"6":7.1674351692,"7":7.2622618675,"8":7.4055800438,"9":7.6079559326,"10":7.841574192,"11":8.1061973572,"12":8.4320268631,"13":8.7806015015,"14":9.0732870102,"15":9.3324966431,"16":9.6754102707,"17":10.0285406113,"18":10.4034337997,"19":10.8094711304,"20":11.2367706299,"21":11.7476263046,"22":12.266166687,"23":12.8550481796,"24":13.4384393692,"25":13.958861351,"26":14.5011291504,"27":14.989112854,"28":15.5957098007,"29":16.3614826202,"30":16.9816665649,"31":17.6736011505,"32":18.3486385345,"33":19.226808548,"34":20.2848949432,"35":21.1376266479,"36":22.0913715363,"37":22.7216339111,"38":23.3516902924,"39":24.1963100433,"40":24.756811142,"41":25.0876789093,"42":25.6249675751,"43":26.2199802399,"44":27.0397167206,"45":28.1408786774,"46":29.354095459,"47":30.4890003204,"48":31.7030735016,"49":32.4794654846,"50":33.2745132446,"51":34.1097755432,"52":34.8114814758,"53":35.5148582458,"54":36.3353309631,"55":37.0564079285,"56":38.1523513794,"57":39.7226524353,"58":41.6148872375,"59":43.1342468262,"60":44.2815437317,"61":45.179271698,"62":45.4726409912,"63":45.597743988,"64":45.3649024963,"65":46.065486908,"66":46.8151397705,"67":47.7584495544,"68":49.0384178162,"69":50.18409729,"70":52.4770011902,"71":54.4089813232,"72":56.2031211853,"73":58.4089202881,"74":59.7424736023,"75":60.978061676,"76":61.6470031738,"77":61.8629646301,"78":61.692943573,"79":63.0030212402,"80":64.7545089722,"81":66.6337966919,"82":67.6545944214,"83":68.7385864258,"84":69.7109375,"85":71.2491836548,"86":72.5785751343,"87":74.2723999023,"88":74.9318847656,"89":75.6564941406,"90":76.2432327271,"91":77.0995101929,"92":78.3342208862,"93":79.8700180054,"94":81.8096084595,"95":83.7715988159,"96":85.3972854614,"97":86.3014526367,"98":87.8357009888,"99":89.7324905396},"val_hamming_loss":{"0":0.46875,"1":0.4703525603,"2":0.4719551504,"3":0.4719551504,"4":0.4839743674,"5":0.4847756624,"6":0.4863782227,"7":0.4951923192,"8":0.5096153617,"9":0.5352564454,"10":0.5544872284,"11":0.5857372284,"12":0.6089743972,"13":0.6330128312,"14":0.6498397589,"15":0.6666666865,"16":0.6666666865,"17":0.6706730723,"18":0.6714743972,"19":0.6714743972,"20":0.6706730723,"21":0.6706730723,"22":0.6698718071,"23":0.6730769277,"24":0.6746795177,"25":0.6746795177,"26":0.6746795177,"27":0.6754808426,"28":0.6762821078,"29":0.6770833135,"30":0.6786859632,"31":0.6818910241,"32":0.6826922894,"33":0.6826922894,"34":0.6842948794,"35":0.6842948794,"36":0.6842948794,"37":0.6842948794,"38":0.6842948794,"39":0.6850962043,"40":0.6850962043,"41":0.6850962043,"42":0.6850962043,"43":0.6850962043,"44":0.6850962043,"45":0.6850962043,"46":0.6850962043,"47":0.6850962043,"48":0.6850962043,"49":0.6850962043,"50":0.6850962043,"51":0.6850962043,"52":0.6850962043,"53":0.6850962043,"54":0.6850962043,"55":0.6850962043,"56":0.6850962043,"57":0.6850962043,"58":0.6850962043,"59":0.6850962043,"60":0.6850962043,"61":0.6850962043,"62":0.6850962043,"63":0.6858974099,"64":0.6858974099,"65":0.6858974099,"66":0.6858974099,"67":0.6858974099,"68":0.6858974099,"69":0.6858974099,"70":0.6858974099,"71":0.6858974099,"72":0.6858974099,"73":0.6858974099,"74":0.6858974099,"75":0.6858974099,"76":0.6858974099,"77":0.6858974099,"78":0.6858974099,"79":0.6850962043,"80":0.6850962043,"81":0.6850962043,"82":0.6850962043,"83":0.6850962043,"84":0.6850962043,"85":0.6850962043,"86":0.6850962043,"87":0.6850962043,"88":0.6850962043,"89":0.6850962043,"90":0.6850962043,"91":0.6850962043,"92":0.6850962043,"93":0.6850962043,"94":0.6850962043,"95":0.6850962043,"96":0.6850962043,"97":0.6850962043,"98":0.6850962043,"99":0.6850962043}}