{"loss":{"0":0.9538422227,"1":0.7634943128,"2":0.7149237394,"3":0.7079136372,"4":0.6975054145,"5":0.6836884022,"6":0.6622941494,"7":0.6408036947,"8":0.6242148876,"9":0.6080251336,"10":0.595847249,"11":0.5849120617,"12":0.5743350387,"13":0.5646528602,"14":0.5550393462,"15":0.5457318425,"16":0.535817802,"17":0.5277826786,"18":0.5200262666,"19":0.5156313181,"20":0.50744313,"21":0.5003738403,"22":0.4950051308,"23":0.4891604483,"24":0.4847915471,"25":0.4801855087,"26":0.4757808447,"27":0.4724875391,"28":0.4688191414,"29":0.4654835761,"30":0.4633377194,"31":0.4610304832,"32":0.4591298103,"33":0.4573130906,"34":0.4546070993,"35":0.4503172636,"36":0.4475935698,"37":0.4455761015,"38":0.4434482455,"39":0.4418013394,"40":0.4403713048,"41":0.4389566183,"42":0.4375723004,"43":0.4362437427,"44":0.4349625409,"45":0.4336206317,"46":0.4326938689,"47":0.4315150976,"48":0.4304299057,"49":0.4295718074,"50":0.4286222756,"51":0.4277363718,"52":0.4269423485,"53":0.4261961281,"54":0.4255079031,"55":0.4247175455,"56":0.4240981042,"57":0.4235920906,"58":0.4230603278,"59":0.42267102,"60":0.4222228825,"61":0.421892941,"62":0.4215762317,"63":0.4211683273,"64":0.4209452569,"65":0.4205929935,"66":0.4203103781,"67":0.4200036228,"68":0.4197275043,"69":0.4193252623,"70":0.4189655185,"71":0.41875875,"72":0.4185200036,"73":0.4182939529,"74":0.4180010557,"75":0.4180994034,"76":0.4178967178,"77":0.4183112085,"78":0.4177430868,"79":0.4175134897,"80":0.4171469808,"81":0.4169439375,"82":0.4167237282,"83":0.4165604413,"84":0.4164150059,"85":0.4162760675,"86":0.4161394238,"87":0.4160144925,"88":0.4159193933,"89":0.4157955945,"90":0.4156882465,"91":0.4155836105,"92":0.4154722095,"93":0.4153737128,"94":0.4152823389,"95":0.4151818454,"96":0.4150971174,"97":0.4150159955,"98":0.4149439633,"99":0.4148614109},"hamming_loss":{"0":0.2977855802,"1":0.2985140085,"2":0.2985140085,"3":0.2937062979,"4":0.2967657745,"5":0.2701049149,"6":0.2150349766,"7":0.1835664362,"8":0.1726398617,"9":0.1507867128,"10":0.1529720426,"11":0.1499125808,"12":0.1446678489,"13":0.1328671277,"14":0.123688817,"15":0.1118881181,"16":0.1048951149,"17":0.0996503532,"18":0.0944055989,"19":0.0930944011,"20":0.0917832181,"21":0.0834790245,"22":0.0764860213,"23":0.0738636404,"24":0.0686188862,"25":0.0620629415,"26":0.0581293739,"27":0.0546328649,"28":0.0515734293,"29":0.0493881144,"30":0.0489510521,"31":0.0480769277,"32":0.0472027995,"33":0.046765741,"34":0.0454545505,"35":0.0445804223,"36":0.0489510521,"37":0.0445804223,"38":0.0415209793,"39":0.0428321697,"40":0.0441433564,"41":0.0423951074,"42":0.041083917,"43":0.0402097888,"44":0.0388986021,"45":0.0380244777,"46":0.0384615399,"47":0.0375874192,"48":0.0367132872,"49":0.0358391628,"50":0.0354021005,"51":0.0354021005,"52":0.0349650383,"53":0.0349650383,"54":0.0345279723,"55":0.0336538516,"56":0.0327797197,"57":0.0327797197,"58":0.0327797234,"59":0.0327797234,"60":0.0327797197,"61":0.0327797234,"62":0.0327797197,"63":0.0327797197,"64":0.0327797234,"65":0.0327797197,"66":0.0327797197,"67":0.0327797197,"68":0.0327797197,"69":0.0323426574,"70":0.0323426574,"71":0.0323426574,"72":0.0323426574,"73":0.0323426574,"74":0.0323426612,"75":0.0323426574,"76":0.0327797197,"77":0.0332167819,"78":0.0323426612,"79":0.0323426574,"80":0.0323426574,"81":0.0323426612,"82":0.0319055952,"83":0.0319055952,"84":0.0319055952,"85":0.0319055952,"86":0.0319055952,"87":0.0319055952,"88":0.0319055952,"89":0.0319055952,"90":0.0319055952,"91":0.0319055952,"92":0.0319055952,"93":0.0319055952,"94":0.0319055952,"95":0.0319055989,"96":0.0319055952,"97":0.0319055952,"98":0.0319055952,"99":0.0319055952},"val_loss":{"0":0.8215066791,"1":0.7289504409,"2":0.7138884664,"3":0.7073978782,"4":0.7034843564,"5":0.6982519627,"6":0.6971609592,"7":0.6970603466,"8":0.6989569664,"9":0.6934192777,"10":0.6924511194,"11":0.6929764152,"12":0.692755878,"13":0.6868108511,"14":0.6814415455,"15":0.6817409992,"16":0.6828483939,"17":0.6819708347,"18":0.6710715294,"19":0.6746324897,"20":0.6793285012,"21":0.6762764454,"22":0.6787397861,"23":0.68302387,"24":0.6827352643,"25":0.6816825271,"26":0.681394577,"27":0.680983901,"28":0.680696249,"29":0.681759119,"30":0.6826465726,"31":0.6787329316,"32":0.676410079,"33":0.6773144007,"34":0.6840131879,"35":0.6903865933,"36":0.6867376566,"37":0.6812384129,"38":0.6831325293,"39":0.6859260798,"40":0.6823618412,"41":0.6864535809,"42":0.6864798069,"43":0.6851950288,"44":0.6865651608,"45":0.6873803735,"46":0.6859403849,"47":0.6831074357,"48":0.6825695634,"49":0.6811419725,"50":0.6796228886,"51":0.6809365749,"52":0.681384027,"53":0.6813120246,"54":0.6798145771,"55":0.6771080494,"56":0.6776605248,"57":0.6773839593,"58":0.6760998368,"59":0.6753423214,"60":0.676142633,"61":0.6759088039,"62":0.6739599109,"63":0.6745400429,"64":0.674815774,"65":0.6742019653,"66":0.6742592454,"67":0.6741922498,"68":0.6731584072,"69":0.6730273366,"70":0.6730861664,"71":0.6723639965,"72":0.6716315746,"73":0.6705980301,"74":0.6684278846,"75":0.669267416,"76":0.6707815528,"77":0.6698769331,"78":0.6738924384,"79":0.6736724377,"80":0.6700292826,"81":0.6686108708,"82":0.6688249111,"83":0.66979599,"84":0.669991672,"85":0.6698975563,"86":0.6706297994,"87":0.6708918214,"88":0.6706315279,"89":0.6704553962,"90":0.670362711,"91":0.670106113,"92":0.6703285575,"93":0.6702258587,"94":0.6700925231,"95":0.6700065732,"96":0.6699365973,"97":0.6694734693,"98":0.669044733,"99":0.6689428687},"val_hamming_loss":{"0":0.3006993234,"1":0.3006993234,"2":0.3006993234,"3":0.3006993234,"4":0.2954545319,"5":0.2753496468,"6":0.2316433787,"7":0.2543706596,"8":0.2176573426,"9":0.2089160979,"10":0.208041966,"11":0.2097902298,"12":0.2054195851,"13":0.1966783404,"14":0.1853147,"15":0.1853147,"16":0.1861888021,"17":0.1826923043,"18":0.1765734553,"19":0.1809440702,"20":0.1791958213,"21":0.1800699383,"22":0.1783216894,"23":0.1809440553,"24":0.1835664362,"25":0.1739510596,"26":0.1695804149,"27":0.1730769426,"28":0.1730769277,"29":0.1722028106,"30":0.1704545468,"31":0.1687062979,"32":0.1687063128,"33":0.1687063128,"34":0.1739510447,"35":0.1791958213,"36":0.1774475724,"37":0.1713286787,"38":0.1809440702,"39":0.1835664362,"40":0.1791958213,"41":0.1809440702,"42":0.1835664362,"43":0.1844405681,"44":0.1861888319,"45":0.1888112128,"46":0.1888112128,"47":0.1879370809,"48":0.1844405681,"49":0.1835664362,"50":0.1826923043,"51":0.1853147,"52":0.1809440553,"53":0.1800699383,"54":0.1791958213,"55":0.1748251915,"56":0.1748251766,"57":0.1756993085,"58":0.1748251766,"59":0.1774475574,"60":0.1774475574,"61":0.1791958213,"62":0.1783216894,"63":0.1818181872,"64":0.1800699383,"65":0.1774475574,"66":0.1765734255,"67":0.1765734255,"68":0.1748251766,"69":0.1765734255,"70":0.1809440553,"71":0.1791958213,"72":0.1774475574,"73":0.1774475574,"74":0.1765734404,"75":0.1748251915,"76":0.1704545617,"77":0.1687062979,"78":0.1748251766,"79":0.1791958213,"80":0.1748251766,"81":0.1765734255,"82":0.1783216894,"83":0.1756992936,"84":0.1765734255,"85":0.1739510596,"86":0.1748251766,"87":0.1748251766,"88":0.1739510596,"89":0.1722028106,"90":0.1722028106,"91":0.1704545617,"92":0.1704545617,"93":0.1704545617,"94":0.1713286787,"95":0.1722028106,"96":0.1722028106,"97":0.1722028106,"98":0.1739510596,"99":0.1722028106}}