{"loss":{"0":0.9963234067,"1":0.9869346023,"2":0.9746219516,"3":0.9560989141,"4":0.9258704782,"5":0.8742668033,"6":0.8239919543,"7":0.7903441787,"8":0.767826438,"9":0.75213027,"10":0.7408060431,"11":0.7328500748,"12":0.7266697288,"13":0.7216013074,"14":0.7173418403,"15":0.7131592035,"16":0.7090434432,"17":0.7047713995,"18":0.7003846765,"19":0.6962351203,"20":0.6916049719,"21":0.6874204874,"22":0.6834335923,"23":0.6791412234,"24":0.6738470197,"25":0.668861866,"26":0.6644329429,"27":0.6585783362,"28":0.6533073783,"29":0.64799124,"30":0.6428322196,"31":0.6377866268,"32":0.6331709027,"33":0.6291146874,"34":0.6248270273,"35":0.6216798425,"36":0.6181840301,"37":0.614438951,"38":0.6105732918,"39":0.6072133183,"40":0.6040705442,"41":0.6009550095,"42":0.5979783535,"43":0.5953379273,"44":0.5932956338,"45":0.5931828022,"46":0.589802742,"47":0.5900290608,"48":0.5859131217,"49":0.5830121636,"50":0.5805230737,"51":0.5781031251,"52":0.5760018229,"53":0.5737915635,"54":0.5716011524,"55":0.56949085,"56":0.5674052835,"57":0.5651872754,"58":0.5631195307,"59":0.5609401464,"60":0.5587111115,"61":0.5564585328,"62":0.5543798804,"63":0.5522097945,"64":0.5502369404,"65":0.5480743051,"66":0.5460276008,"67":0.5440860987,"68":0.542129159,"69":0.541693449,"70":0.5395935178,"71":0.5378126502,"72":0.5361295938,"73":0.5346818566,"74":0.5317356586,"75":0.5306432247,"76":0.5287564993,"77":0.5267379284,"78":0.5246645808,"79":0.5230181217,"80":0.5211893916,"81":0.5198299885,"82":0.5180479884,"83":0.5166031718,"84":0.5150732398,"85":0.5133444667,"86":0.5117657781,"87":0.5102231503,"88":0.5087760091,"89":0.5072697997,"90":0.5059625506,"91":0.5043994784,"92":0.5029470921,"93":0.501652658,"94":0.5000523329,"95":0.4985690415,"96":0.4968979955,"97":0.4955123961,"98":0.4942289293,"99":0.4930413961},"hamming_loss":{"0":0.3636363745,"1":0.3430944383,"2":0.3474650681,"3":0.3479020894,"4":0.3229894936,"5":0.3046328723,"6":0.2985140085,"7":0.2985140085,"8":0.2985140085,"9":0.2985140085,"10":0.2985139787,"11":0.2985140085,"12":0.2985140085,"13":0.2985140085,"14":0.2985140085,"15":0.2980768979,"16":0.2945804298,"17":0.2919580638,"18":0.2902098,"19":0.2858391702,"20":0.2591783404,"21":0.2469405681,"22":0.2355769277,"23":0.2224650383,"24":0.2128496617,"25":0.210227266,"26":0.2067307979,"27":0.1953671426,"28":0.1730769277,"29":0.1608391702,"30":0.1564685404,"31":0.1555944234,"32":0.1534091085,"33":0.1547202915,"34":0.1582168043,"35":0.1564685255,"36":0.1542832255,"37":0.1520979106,"38":0.1520978957,"39":0.1486013979,"40":0.1486014277,"41":0.1499125957,"42":0.1486013979,"43":0.1538461596,"44":0.1564685255,"45":0.1481643468,"46":0.1520979106,"47":0.1551573426,"48":0.1490384787,"49":0.147727266,"50":0.1507867277,"51":0.1472902149,"52":0.1451049,"53":0.1499125808,"54":0.1464160979,"55":0.1468531489,"56":0.144230783,"57":0.1429195851,"58":0.1416083872,"59":0.1407342702,"60":0.1381118894,"61":0.1319930106,"62":0.1306818128,"63":0.1311188936,"64":0.1306818277,"65":0.1306818128,"66":0.1280594468,"67":0.1258741319,"68":0.1236888245,"69":0.124125883,"70":0.1206293777,"71":0.1193181798,"72":0.1136363745,"73":0.1171328723,"74":0.1083916128,"75":0.1062062979,"76":0.1035839319,"77":0.1000874117,"78":0.0948426649,"79":0.0913461521,"80":0.0895979106,"81":0.0869755298,"82":0.0865384638,"83":0.0839160904,"84":0.0847902149,"85":0.082167834,"86":0.0808566436,"87":0.0786713362,"88":0.0786713287,"89":0.0756118968,"90":0.0773601457,"91":0.0751748309,"92":0.0751748309,"93":0.0747377649,"94":0.0721153915,"95":0.0708042011,"96":0.0712412596,"97":0.0699300766,"98":0.0677447617,"99":0.072989516},"val_loss":{"0":0.991569519,"1":0.9819633961,"2":0.9679267406,"3":0.9449648261,"4":0.9044066072,"5":0.8489812613,"6":0.809659183,"7":0.7842950821,"8":0.7657824159,"9":0.7528116703,"10":0.7438101172,"11":0.7375002503,"12":0.7325205207,"13":0.7289804816,"14":0.7252799869,"15":0.7225468159,"16":0.719848454,"17":0.7165566683,"18":0.7140516043,"19":0.7120418549,"20":0.7089637518,"21":0.7089301944,"22":0.7086251974,"23":0.7034774423,"24":0.6994305849,"25":0.7021026611,"26":0.6951733232,"27":0.6978657246,"28":0.6938250065,"29":0.6947733164,"30":0.6915403605,"31":0.6924499869,"32":0.6899907589,"33":0.6900052428,"34":0.6929118633,"35":0.695073843,"36":0.6962497234,"37":0.68881917,"38":0.6865756512,"39":0.686909914,"40":0.6908655763,"41":0.6885525584,"42":0.6884282827,"43":0.6907406449,"44":0.6943175793,"45":0.6854010224,"46":0.6936843991,"47":0.6898103356,"48":0.6920571923,"49":0.6887467504,"50":0.6880717874,"51":0.6903925538,"52":0.687500596,"53":0.6857966185,"54":0.6877399683,"55":0.6860637069,"56":0.687625289,"57":0.6862434745,"58":0.6856768727,"59":0.6872797608,"60":0.6853550076,"61":0.6858124137,"62":0.6831524372,"63":0.6825265288,"64":0.6848288774,"65":0.6868129969,"66":0.683814764,"67":0.6874405146,"68":0.6879751682,"69":0.6877942085,"70":0.6956751347,"71":0.6890036464,"72":0.6818417311,"73":0.6881498694,"74":0.6915620565,"75":0.6953119636,"76":0.6928524375,"77":0.6912627816,"78":0.6890137196,"79":0.690548718,"80":0.6869738102,"81":0.6904317737,"82":0.6857050657,"83":0.6913808584,"84":0.6872781515,"85":0.6886007786,"86":0.6866816282,"87":0.6891153455,"88":0.6850935221,"89":0.688287735,"90":0.6857014298,"91":0.6881527305,"92":0.6834766865,"93":0.6875186563,"94":0.685310185,"95":0.6853350997,"96":0.6883702278,"97":0.6830093861,"98":0.6889696717,"99":0.6858405471},"val_hamming_loss":{"0":0.3758741617,"1":0.3548951149,"2":0.3583916128,"3":0.3513986468,"4":0.3041958511,"5":0.3006993234,"6":0.3006993234,"7":0.3006993234,"8":0.3006993234,"9":0.3006993234,"10":0.3006993234,"11":0.3006993234,"12":0.3006993234,"13":0.3006993234,"14":0.3006993234,"15":0.3006993234,"16":0.2998251915,"17":0.2980769277,"18":0.2980769277,"19":0.292832166,"20":0.2770979106,"21":0.2508741319,"22":0.2465035021,"23":0.2386363596,"24":0.2360139936,"25":0.2368881106,"26":0.2351398915,"27":0.2220279723,"28":0.2141608596,"29":0.2071678489,"30":0.2150349617,"31":0.2019230723,"32":0.1993007213,"33":0.2001748234,"34":0.1949300766,"35":0.1993007064,"36":0.1975524575,"37":0.2001748234,"38":0.1984265894,"39":0.2001748234,"40":0.1931818128,"41":0.1940559447,"42":0.1975524575,"43":0.1931818128,"44":0.1949300766,"45":0.1914335787,"46":0.2132867277,"47":0.1896853298,"48":0.187937066,"49":0.1923076957,"50":0.1905594468,"51":0.1861888021,"52":0.1905594468,"53":0.1888111979,"54":0.1870629638,"55":0.1905594468,"56":0.1896853298,"57":0.1879370809,"58":0.1888112128,"59":0.1888111979,"60":0.1879370809,"61":0.1861888319,"62":0.1853147,"63":0.1853147,"64":0.1835664362,"65":0.1853147,"66":0.1835664362,"67":0.1888111979,"68":0.1844405681,"69":0.1765734255,"70":0.1888111979,"71":0.1809440702,"72":0.1896853298,"73":0.1800699383,"74":0.1800699383,"75":0.1826923043,"76":0.1835664362,"77":0.1853147,"78":0.1783216894,"79":0.1844405681,"80":0.1791958213,"81":0.1844405681,"82":0.1774475574,"83":0.1826923043,"84":0.1748251766,"85":0.1818181872,"86":0.1748251915,"87":0.1800699383,"88":0.1704545617,"89":0.1783216894,"90":0.1713286787,"91":0.1800699383,"92":0.1695804447,"93":0.1774475724,"94":0.1704545468,"95":0.1748251915,"96":0.1730769277,"97":0.1722028106,"98":0.1722028106,"99":0.1722028106}}