{"loss":{"0":0.9989868402,"1":0.9981370568,"2":0.9972907901,"3":0.9964372516,"4":0.995582819,"5":0.9946824908,"6":0.9937848449,"7":0.9928312898,"8":0.9918522239,"9":0.9908084273,"10":0.9897334576,"11":0.9885824323,"12":0.9873784781,"13":0.9860996604,"14":0.9847169518,"15":0.9832565784,"16":0.9816895127,"17":0.9799938202,"18":0.9781553745,"19":0.9761319757,"20":0.9738870263,"21":0.971470654,"22":0.9687654376,"23":0.9656856656,"24":0.9622408152,"25":0.9583372474,"26":0.953766644,"27":0.9486631155,"28":0.9425978065,"29":0.9351604581,"30":0.9265466332,"31":0.91609025,"32":0.904374361,"33":0.8909186721,"34":0.8778216839,"35":0.8651955128,"36":0.8538755774,"37":0.8439902663,"38":0.8360461593,"39":0.8288760781,"40":0.8227239251,"41":0.8173522949,"42":0.8125469685,"43":0.8082135916,"44":0.8042348623,"45":0.8004544973,"46":0.7970354557,"47":0.7939420938,"48":0.7909088731,"49":0.7881031632,"50":0.7855197787,"51":0.7830320001,"52":0.7807113528,"53":0.7784616947,"54":0.7764129043,"55":0.7743813992,"56":0.7725039124,"57":0.7707166076,"58":0.7689922452,"59":0.7673659921,"60":0.7657945752,"61":0.7642810345,"62":0.7628473639,"63":0.7614422441,"64":0.7601207495,"65":0.7588523626,"66":0.7576410174,"67":0.7564348578,"68":0.7553212643,"69":0.754221499,"70":0.7531814575,"71":0.7521520853,"72":0.7511482239,"73":0.7502105236,"74":0.7492839694,"75":0.7483930588,"76":0.7475491166,"77":0.7466878295,"78":0.745878458,"79":0.7450891733,"80":0.744335413,"81":0.7435855269,"82":0.7428829074,"83":0.7421562076,"84":0.7414848804,"85":0.7408103943,"86":0.7401767969,"87":0.7395291924,"88":0.7389166355,"89":0.738317728,"90":0.7377212644,"91":0.7371301055,"92":0.7365806103,"93":0.7360188961,"94":0.7354912162,"95":0.7349373102,"96":0.7344282269,"97":0.7339065075,"98":0.7334097028,"99":0.7329058051},"hamming_loss":{"0":0.4350233376,"1":0.5196678042,"2":0.5017483234,"3":0.4785839319,"4":0.4576048851,"5":0.4405594766,"6":0.4156468511,"7":0.387237817,"8":0.3662587404,"9":0.3540210128,"10":0.3444056213,"11":0.3361014128,"12":0.336538434,"13":0.3334790468,"14":0.3312937021,"15":0.3352272809,"16":0.3365384936,"17":0.3387238085,"18":0.3404720724,"19":0.3426573575,"20":0.3452797234,"21":0.346590966,"22":0.349650383,"23":0.351398617,"24":0.3518356979,"25":0.3522727191,"26":0.3518356979,"27":0.3509615362,"28":0.3487762511,"29":0.3430944383,"30":0.3361014128,"31":0.3234266043,"32":0.314248234,"33":0.3103146851,"34":0.3055070341,"35":0.2989510596,"36":0.2972028255,"37":0.2967657745,"38":0.2967657149,"39":0.2985140085,"40":0.2985139787,"41":0.2985140085,"42":0.2985139787,"43":0.2985140085,"44":0.2985140085,"45":0.2985140085,"46":0.2985140085,"47":0.2985140085,"48":0.2985140085,"49":0.2985140085,"50":0.2985140085,"51":0.2985140085,"52":0.2985140085,"53":0.2985140085,"54":0.2985140085,"55":0.2985140085,"56":0.2985139787,"57":0.2985140085,"58":0.2985140085,"59":0.2985140085,"60":0.2985140085,"61":0.2985139787,"62":0.2985140085,"63":0.2985139787,"64":0.2985139787,"65":0.2985140085,"66":0.2985140085,"67":0.2985139787,"68":0.2985140085,"69":0.2985140085,"70":0.2985140085,"71":0.2985140085,"72":0.2985140085,"73":0.2985140085,"74":0.2985140085,"75":0.2985139787,"76":0.2985140085,"77":0.2985140085,"78":0.2985140085,"79":0.2985139787,"80":0.2985140085,"81":0.2985140085,"82":0.2985140085,"83":0.2985140085,"84":0.2985140085,"85":0.2985140085,"86":0.2985139787,"87":0.2985140085,"88":0.2985140085,"89":0.2985140085,"90":0.2985140085,"91":0.2985140085,"92":0.2985140085,"93":0.2985140085,"94":0.2985140085,"95":0.2985140085,"96":0.2985140085,"97":0.2985140085,"98":0.2985139787,"99":0.2985140085},"val_loss":{"0":0.9985893369,"1":0.9978525043,"2":0.9971119165,"3":0.9963606,"4":0.9955860376,"5":0.9947884083,"6":0.9939587116,"7":0.9931026697,"8":0.9921951294,"9":0.9912473559,"10":0.9902421832,"11":0.9891811609,"12":0.9880433679,"13":0.9868267179,"14":0.9855325222,"15":0.9841449261,"16":0.9826406837,"17":0.9810012579,"18":0.9792116284,"19":0.9772505164,"20":0.975092113,"21":0.9726524353,"22":0.9699032307,"23":0.9668274522,"24":0.9632963538,"25":0.9592446685,"26":0.9546047449,"27":0.949100852,"28":0.9425759912,"29":0.9348178506,"30":0.9253895283,"31":0.9142717123,"32":0.9017446637,"33":0.8887857795,"34":0.8759394288,"35":0.8642847538,"36":0.8541717529,"37":0.8456503153,"38":0.8382524252,"39":0.8319299221,"40":0.8263841867,"41":0.8214226365,"42":0.8169546723,"43":0.8128753901,"44":0.8090587854,"45":0.805594027,"46":0.8024169803,"47":0.7993183732,"48":0.7964372039,"49":0.7937747836,"50":0.7912564874,"51":0.7888561487,"52":0.7865716815,"53":0.7844350934,"54":0.7823911309,"55":0.7805101275,"56":0.7786967754,"57":0.7769386768,"58":0.7752874494,"59":0.7736673355,"60":0.7721261382,"61":0.7706496716,"62":0.7692189813,"63":0.767847836,"64":0.7665439844,"65":0.7653196454,"66":0.7641190886,"67":0.7629339695,"68":0.7617807984,"69":0.7607295513,"70":0.7596459985,"71":0.7586656213,"72":0.7577283978,"73":0.7567745447,"74":0.7558611035,"75":0.7550097108,"76":0.7541277409,"77":0.7533267736,"78":0.7525073886,"79":0.7517111301,"80":0.7509338856,"81":0.7502458692,"82":0.749525249,"83":0.7488920689,"84":0.7482447028,"85":0.7476428747,"86":0.7469995618,"87":0.7463693619,"88":0.7457692623,"89":0.7451992631,"90":0.7446488738,"91":0.7440874577,"92":0.7435136437,"93":0.7430000305,"94":0.7424629331,"95":0.7419432998,"96":0.7414512634,"97":0.7409553528,"98":0.7405073643,"99":0.7400375605},"val_hamming_loss":{"0":0.5410839915,"1":0.5262237787,"2":0.502622366,"3":0.4895105362,"4":0.4763986468,"5":0.4510489702,"6":0.4265734553,"7":0.4073427022,"8":0.3881118894,"9":0.3732517362,"10":0.3688811362,"11":0.3592657745,"12":0.3505245149,"13":0.349650383,"14":0.3540209532,"15":0.3522727489,"16":0.3522727489,"17":0.351398617,"18":0.351398617,"19":0.351398617,"20":0.3566433489,"21":0.3583916128,"22":0.3575174809,"23":0.3557692468,"24":0.3583916426,"25":0.3583916426,"26":0.3566433787,"27":0.3557692468,"28":0.3513985872,"29":0.3417832255,"30":0.3312937021,"31":0.3146853149,"32":0.306818217,"33":0.3006993234,"34":0.2980769277,"35":0.2980769277,"36":0.2954545319,"37":0.2972027957,"38":0.2989510596,"39":0.3006993234,"40":0.3006993234,"41":0.3006993234,"42":0.3006993234,"43":0.3006993234,"44":0.3006993234,"45":0.3006993234,"46":0.3006993234,"47":0.3006993234,"48":0.3006993234,"49":0.3006993234,"50":0.3006993234,"51":0.3006993234,"52":0.3006993234,"53":0.3006993234,"54":0.3006993234,"55":0.3006993234,"56":0.3006993234,"57":0.3006993234,"58":0.3006993234,"59":0.3006993234,"60":0.3006993234,"61":0.3006993234,"62":0.3006993234,"63":0.3006993234,"64":0.3006993234,"65":0.3006993234,"66":0.3006993234,"67":0.3006993234,"68":0.3006993234,"69":0.3006993234,"70":0.3006993234,"71":0.3006993234,"72":0.3006993234,"73":0.3006993234,"74":0.3006993234,"75":0.3006993234,"76":0.3006993234,"77":0.3006993234,"78":0.3006993234,"79":0.3006993234,"80":0.3006993234,"81":0.3006993234,"82":0.3006993234,"83":0.3006993234,"84":0.3006993234,"85":0.3006993234,"86":0.3006993234,"87":0.3006993234,"88":0.3006993234,"89":0.3006993234,"90":0.3006993234,"91":0.3006993234,"92":0.3006993234,"93":0.3006993234,"94":0.3006993234,"95":0.3006993234,"96":0.3006993234,"97":0.3006993234,"98":0.3006993234,"99":0.3006993234}}