{"meta": "linear-regression", "coef_": [[-133828.6875, -104114.734375, -274266.0625, -182650.453125, 62729.21484375, -75123.0390625, -18034.830078125, -54461.4296875, 65499.578125, -147930.1875, -154125.984375, -52074.58984375, -49584.359375]], "intercept_": [586881.375], "params": {"copy_X": true, "fit_intercept": true, "n_jobs": null, "normalize": false}}