{"loss":{"0":0.6406944394,"1":0.432877183,"2":0.4174422026,"3":0.4093173146,"4":0.396944344,"5":0.3801031113,"6":0.3577008843,"7":0.3325236142,"8":0.3071672618,"9":0.2820873559,"10":0.2591294944,"11":0.2396211177,"12":0.2229525447,"13":0.2085146308,"14":0.1947284639,"15":0.1817772537,"16":0.1711786836,"17":0.1595762223,"18":0.1497047096,"19":0.1411749274,"20":0.1327576488,"21":0.1239794195,"22":0.1158188283,"23":0.1080738232,"24":0.1013883278,"25":0.0953263566,"26":0.0905388221,"27":0.0846646726,"28":0.0784690455,"29":0.0738566667,"30":0.0700915381,"31":0.065934673,"32":0.0615516417,"33":0.0579739325,"34":0.0544035695,"35":0.0512226224,"36":0.0483316444,"37":0.0458807833,"38":0.0434783846,"39":0.041320473,"40":0.0392861478,"41":0.0378331318,"42":0.0362828113,"43":0.0347228199,"44":0.0332390592,"45":0.031922929,"46":0.0305639878,"47":0.0294671543,"48":0.0285162702,"49":0.0273068603,"50":0.0266910866,"51":0.0254999083,"52":0.0245789587,"53":0.0235322062,"54":0.0226134155,"55":0.0219239611,"56":0.0211465191,"57":0.0204763804,"58":0.0197685864,"59":0.0192328934,"60":0.0186396223,"61":0.0181190632,"62":0.0175694991,"63":0.0170631297,"64":0.0166655183,"65":0.0161935426,"66":0.0158202928,"67":0.0153349554,"68":0.0149387149,"69":0.0145255094,"70":0.0142508755,"71":0.0138118779,"72":0.0134914974,"73":0.0131388875,"74":0.0127543667,"75":0.0124744922,"76":0.0121654775,"77":0.0118906442,"78":0.0115955733,"79":0.0113599962,"80":0.0110933781,"81":0.0108791906,"82":0.0106351729,"83":0.0103830686,"84":0.0102086002,"85":0.0099608591,"86":0.009737852,"87":0.0095495991,"88":0.009354027,"89":0.0091595044,"90":0.0090008453,"91":0.0088192783,"92":0.0086689424,"93":0.0085185282,"94":0.0083707888,"95":0.0082652122,"96":0.0081048934,"97":0.0079713119,"98":0.0078766914,"99":0.0077225133},"hamming_loss":{"0":0.2945804298,"1":0.1791958213,"2":0.184877634,"3":0.1796328872,"4":0.1787587553,"5":0.1743881106,"6":0.1590909213,"7":0.1341783255,"8":0.1289335638,"9":0.1131993085,"10":0.1048951074,"11":0.093968533,"12":0.0821678415,"13":0.071241267,"14":0.0664335713,"15":0.0625,"16":0.0585664362,"17":0.0485139862,"18":0.0388986021,"19":0.0349650346,"20":0.0310314707,"21":0.0288461559,"22":0.0292832181,"23":0.0244755261,"24":0.0201048963,"25":0.0187937077,"26":0.0201048981,"27":0.0187937059,"28":0.0174825173,"29":0.0144230779,"30":0.012237763,"31":0.0091783218,"32":0.0091783218,"33":0.0083041964,"34":0.0069930074,"35":0.0065559447,"36":0.0052447557,"37":0.0039335666,"38":0.0052447552,"39":0.0034965037,"40":0.0030594408,"41":0.0021853147,"42":0.0021853149,"43":0.0013111889,"44":0.0017482518,"45":0.0017482518,"46":0.0013111889,"47":0.0013111889,"48":0.0013111889,"49":0.0008741259,"50":0.0013111889,"51":0.0008741259,"52":0.0008741259,"53":0.000437063,"54":0.000437063,"55":0.000437063,"56":0.000437063,"57":0.000437063,"58":0.000437063,"59":0.000437063,"60":0.000437063,"61":0.000437063,"62":0.000437063,"63":0.000437063,"64":0.000437063,"65":0.000437063,"66":0.000437063,"67":0.000437063,"68":0.000437063,"69":0.000437063,"70":0.000437063,"71":0.000437063,"72":0.000437063,"73":0.000437063,"74":0.000437063,"75":0.000437063,"76":0.000437063,"77":0.000437063,"78":0.0,"79":0.000437063,"80":0.000437063,"81":0.000437063,"82":0.0,"83":0.0,"84":0.0,"85":0.0,"86":0.0,"87":0.0,"88":0.0,"89":0.0,"90":0.0,"91":0.0,"92":0.0,"93":0.0,"94":0.0,"95":0.0,"96":0.0,"97":0.0,"98":0.0,"99":0.0},"val_loss":{"0":0.4736772776,"1":0.4221967459,"2":0.4182668924,"3":0.4088167846,"4":0.4082770348,"5":0.4075114131,"6":0.4026894867,"7":0.4028903842,"8":0.4014804959,"9":0.3961802423,"10":0.4008530676,"11":0.4037031829,"12":0.4073569477,"13":0.413136363,"14":0.4271781147,"15":0.4242364764,"16":0.4322102666,"17":0.4445933402,"18":0.4517802,"19":0.4494095743,"20":0.4563627541,"21":0.4580539763,"22":0.4670405686,"23":0.4700613022,"24":0.4866534472,"25":0.4735116065,"26":0.4777722359,"27":0.4840848148,"28":0.4894888699,"29":0.5127456188,"30":0.519954443,"31":0.5120302439,"32":0.5220731497,"33":0.5252187252,"34":0.5308061838,"35":0.5415011048,"36":0.547555387,"37":0.5558471084,"38":0.5556405783,"39":0.5556284189,"40":0.5702111721,"41":0.5763549805,"42":0.5775495768,"43":0.5779498816,"44":0.5785753131,"45":0.5799162388,"46":0.5865495801,"47":0.5914511085,"48":0.591561079,"49":0.5946655869,"50":0.5985621214,"51":0.6050491929,"52":0.6123778224,"53":0.6158792377,"54":0.6194506288,"55":0.622723043,"56":0.6251561642,"57":0.6296136379,"58":0.6376795173,"59":0.6344956756,"60":0.6369333863,"61":0.6424106359,"62":0.6431051493,"63":0.648032248,"64":0.6563276052,"65":0.662040472,"66":0.6650293469,"67":0.6666066647,"68":0.6730260253,"69":0.6749342084,"70":0.6781654358,"71":0.684450686,"72":0.6838160157,"73":0.6846283674,"74":0.6935356259,"75":0.6936677694,"76":0.6937583685,"77":0.7017095089,"78":0.706956327,"79":0.7071694732,"80":0.7082931995,"81":0.710019052,"82":0.7143284678,"83":0.7158378959,"84":0.7198897004,"85":0.7225648761,"86":0.7238515615,"87":0.727692008,"88":0.7301040888,"89":0.7343469262,"90":0.7359371185,"91":0.7388917804,"92":0.7400252819,"93":0.7454445362,"94":0.7422729731,"95":0.7468529344,"96":0.7464914322,"97":0.7377310395,"98":0.7566884756,"99":0.7553459406},"val_hamming_loss":{"0":0.1783216894,"1":0.1888112128,"2":0.1783216894,"3":0.1783216894,"4":0.1896853298,"5":0.1800699234,"6":0.1730769277,"7":0.1809440702,"8":0.1818181872,"9":0.1722028106,"10":0.1722028106,"11":0.1722028255,"12":0.1739510596,"13":0.1713286787,"14":0.1791958213,"15":0.1722028106,"16":0.1713286787,"17":0.1652098,"18":0.1643356681,"19":0.1625874192,"20":0.1660839319,"21":0.1660839319,"22":0.1669580489,"23":0.1643356681,"24":0.1678321809,"25":0.1652097851,"26":0.1634615511,"27":0.1678321809,"28":0.1617132872,"29":0.1678321809,"30":0.1695804298,"31":0.1643356681,"32":0.167832166,"33":0.167832166,"34":0.1634615511,"35":0.1634615511,"36":0.1634615511,"37":0.1634615511,"38":0.1652098,"39":0.1625874192,"40":0.1625874192,"41":0.1643356681,"42":0.166083917,"43":0.1652098,"44":0.1634615511,"45":0.1608391851,"46":0.1590909064,"47":0.1643356681,"48":0.1652097851,"49":0.1617133021,"50":0.1625874192,"51":0.1678321809,"52":0.1652097851,"53":0.1704545617,"54":0.1634615511,"55":0.1643356681,"56":0.1643356681,"57":0.1652097851,"58":0.1713286936,"59":0.1704545468,"60":0.1713286787,"61":0.1704545617,"62":0.1695804447,"63":0.1722028106,"64":0.1687062979,"65":0.1704545617,"66":0.1687063128,"67":0.1695804149,"68":0.1669580489,"69":0.1695804447,"70":0.1678321809,"71":0.1687063128,"72":0.1687063128,"73":0.1669580489,"74":0.1704545468,"75":0.1695804447,"76":0.1669580489,"77":0.1687063128,"78":0.1704545617,"79":0.1669580489,"80":0.1722028106,"81":0.1722028106,"82":0.1713286936,"83":0.1739510596,"84":0.1739510447,"85":0.1713286787,"86":0.1704545468,"87":0.1748251766,"88":0.1730769277,"89":0.1713286787,"90":0.1687063128,"91":0.1704545617,"92":0.1687063128,"93":0.1713286787,"94":0.1704545468,"95":0.1695804149,"96":0.1695804149,"97":0.1695804298,"98":0.1748251915,"99":0.1678321809}}