{"loss":{"0":0.6928329468,"1":0.6918855309,"2":0.6909399629,"3":0.6899909377,"4":0.6890313029,"5":0.6880286336,"6":0.6870105863,"7":0.6859413981,"8":0.6848108172,"9":0.683621347,"10":0.6823680997,"11":0.6810286641,"12":0.6795988679,"13":0.6780611873,"14":0.6763868332,"15":0.6745801568,"16":0.6726148129,"17":0.6704522371,"18":0.6680705547,"19":0.665376842,"20":0.6623652577,"21":0.6590076685,"22":0.65513134,"23":0.6505531669,"24":0.6451625824,"25":0.6386818886,"26":0.6304288507,"27":0.6201161146,"28":0.6072567701,"29":0.5925395489,"30":0.5780411363,"31":0.5653192997,"32":0.5543150306,"33":0.5441721678,"34":0.5348508954,"35":0.5261191726,"36":0.5179798603,"37":0.5103280544,"38":0.5032998919,"39":0.4965724945,"40":0.4904377759,"41":0.484719485,"42":0.4794851542,"43":0.474747628,"44":0.470362395,"45":0.4661669731,"46":0.4623228014,"47":0.4590342343,"48":0.4557623565,"49":0.4527888,"50":0.4500969052,"51":0.4475649595,"52":0.4453065097,"53":0.443085283,"54":0.441149503,"55":0.4392531514,"56":0.4375880957,"57":0.4360178709,"58":0.4344965219,"59":0.4330792725,"60":0.4318139255,"61":0.4306009114,"62":0.4294620752,"63":0.4283803701,"64":0.427351594,"65":0.426415801,"66":0.4255342782,"67":0.4246580303,"68":0.4238867462,"69":0.4231274724,"70":0.422447592,"71":0.4217807651,"72":0.4211249053,"73":0.4205473661,"74":0.4199604094,"75":0.419424355,"76":0.4189276695,"77":0.4184288681,"78":0.4179939032,"79":0.4175389409,"80":0.4171390235,"81":0.416744411,"82":0.4163772762,"83":0.4160041809,"84":0.415666312,"85":0.4153500497,"86":0.4150472581,"87":0.4147439003,"88":0.4144839346,"89":0.414186269,"90":0.4139425159,"91":0.4136751294,"92":0.4134525955,"93":0.4132027924,"94":0.4129905999,"95":0.4127671123,"96":0.4125818908,"97":0.4123571217,"98":0.4121800661,"99":0.4119816124},"hamming_loss":{"0":0.4612471163,"1":0.5083042383,"2":0.4685315192,"3":0.4287587404,"4":0.3819930255,"5":0.3369755447,"6":0.3125,"7":0.2893356979,"8":0.2740384936,"9":0.2692308128,"10":0.2644230723,"11":0.2600524426,"12":0.2556818128,"13":0.2530594468,"14":0.2465035021,"15":0.2443182021,"16":0.2425699383,"17":0.2390734255,"18":0.2408216894,"19":0.2390734255,"20":0.2355769277,"21":0.2316433787,"22":0.2250874192,"23":0.2176573426,"24":0.2006118894,"25":0.1888111979,"26":0.1818181872,"27":0.1787587553,"28":0.1861888021,"29":0.204545483,"30":0.2137237936,"31":0.2176573724,"32":0.2150349617,"33":0.1949300766,"34":0.1800699383,"35":0.1796328872,"36":0.1796328872,"37":0.1796328872,"38":0.1796328723,"39":0.1796328574,"40":0.1796328872,"41":0.1796328723,"42":0.1796328872,"43":0.1796328723,"44":0.1796328723,"45":0.1796328872,"46":0.1796328872,"47":0.1796328574,"48":0.1796328872,"49":0.1796328872,"50":0.1796328872,"51":0.1796328723,"52":0.1796328872,"53":0.1796328872,"54":0.1796328872,"55":0.1796328872,"56":0.1796328872,"57":0.1796328723,"58":0.1796328723,"59":0.1796328872,"60":0.1796328723,"61":0.1796328872,"62":0.1796328723,"63":0.1796328723,"64":0.1796328723,"65":0.1796328872,"66":0.1796328574,"67":0.1796328574,"68":0.1796328872,"69":0.1796328872,"70":0.1796328872,"71":0.1796328872,"72":0.1796328872,"73":0.1796328872,"74":0.1796328723,"75":0.1796328574,"76":0.1796328872,"77":0.1796328723,"78":0.1796328723,"79":0.1796328872,"80":0.1796328872,"81":0.1796328872,"82":0.1796328574,"83":0.1796328872,"84":0.1796328872,"85":0.1796328872,"86":0.1796328872,"87":0.1796328574,"88":0.1796328723,"89":0.1796328872,"90":0.1796328872,"91":0.1796328723,"92":0.1796328872,"93":0.1796328723,"94":0.1796328872,"95":0.1796328574,"96":0.1796328872,"97":0.1796328723,"98":0.1796328723,"99":0.1796328872},"val_loss":{"0":0.692361176,"1":0.6914729476,"2":0.690579772,"3":0.6896728277,"4":0.688736856,"5":0.6877709031,"6":0.686760664,"7":0.6857025623,"8":0.6845850348,"9":0.683403194,"10":0.6821382642,"11":0.6807820797,"12":0.6793174148,"13":0.677733779,"14":0.6760188937,"15":0.6741429567,"16":0.6720768809,"17":0.6697902083,"18":0.6672394276,"19":0.6643896699,"20":0.6611561179,"21":0.6574144363,"22":0.6530702114,"23":0.6479755044,"24":0.6418005824,"25":0.6341291666,"26":0.624427855,"27":0.612008512,"28":0.5973356366,"29":0.5825331807,"30":0.5692487359,"31":0.5575107336,"32":0.5468854308,"33":0.5371995568,"34":0.5281761885,"35":0.5197818875,"36":0.511877954,"37":0.5044983029,"38":0.4975902438,"39":0.491253078,"40":0.4854288995,"41":0.4800856411,"42":0.4751774967,"43":0.4705929458,"44":0.4663894475,"45":0.4626149833,"46":0.4592122734,"47":0.4559253752,"48":0.4528969824,"49":0.4501565695,"50":0.4476556778,"51":0.4453494251,"52":0.4431816041,"53":0.4412283003,"54":0.4393906295,"55":0.4377394617,"56":0.4361650348,"57":0.4346813262,"58":0.4333371222,"59":0.4321180582,"60":0.4309425354,"61":0.4298253357,"62":0.4287525415,"63":0.4277626276,"64":0.426858604,"65":0.4260037541,"66":0.4252056777,"67":0.4244489372,"68":0.4237128198,"69":0.4230746925,"70":0.4224383533,"71":0.4218843579,"72":0.4213642776,"73":0.4208322763,"74":0.4203476012,"75":0.4199042618,"76":0.4194614589,"77":0.4190660417,"78":0.4186552167,"79":0.4182735682,"80":0.4179130793,"81":0.4176053107,"82":0.4172974527,"83":0.4170361757,"84":0.4168033302,"85":0.416587323,"86":0.4163353741,"87":0.4161106348,"88":0.4159019291,"89":0.4156935811,"90":0.4155044854,"91":0.4153138101,"92":0.4150924385,"93":0.4149260819,"94":0.414773494,"95":0.4146072567,"96":0.4144647717,"97":0.4143134356,"98":0.414198488,"99":0.4140641391},"val_hamming_loss":{"0":0.5384616256,"1":0.5043706298,"2":0.4711538553,"3":0.4187063277,"4":0.3732517958,"5":0.3487762511,"6":0.3225524426,"7":0.3085664511,"8":0.3024475574,"9":0.2902098,"10":0.2840909064,"11":0.2753496468,"12":0.269230783,"13":0.2639860213,"14":0.2631118894,"15":0.2543706596,"16":0.2526223958,"17":0.2465035021,"18":0.2421328872,"19":0.2386363894,"20":0.2377622277,"21":0.2360139936,"22":0.2246503681,"23":0.2115384638,"24":0.1888111979,"25":0.1818181872,"26":0.1783216894,"27":0.1809440702,"28":0.2097902149,"29":0.2202797085,"30":0.2220279723,"31":0.2220279723,"32":0.2185314745,"33":0.1818182021,"34":0.1783216894,"35":0.1783216894,"36":0.1783216894,"37":0.1783216894,"38":0.1783216894,"39":0.1783216894,"40":0.1783216894,"41":0.1783216894,"42":0.1783216894,"43":0.1783216894,"44":0.1783216894,"45":0.1783216894,"46":0.1783216894,"47":0.1783216894,"48":0.1783216894,"49":0.1783216894,"50":0.1783216894,"51":0.1783216894,"52":0.1783216894,"53":0.1783216894,"54":0.1783216894,"55":0.1783216894,"56":0.1783216894,"57":0.1783216894,"58":0.1783216894,"59":0.1783216894,"60":0.1783216894,"61":0.1783216894,"62":0.1783216894,"63":0.1783216894,"64":0.1783216894,"65":0.1783216894,"66":0.1783216894,"67":0.1783216894,"68":0.1783216894,"69":0.1783216894,"70":0.1783216894,"71":0.1783216894,"72":0.1783216894,"73":0.1783216894,"74":0.1783216894,"75":0.1783216894,"76":0.1783216894,"77":0.1783216894,"78":0.1783216894,"79":0.1783216894,"80":0.1783216894,"81":0.1783216894,"82":0.1783216894,"83":0.1783216894,"84":0.1783216894,"85":0.1783216894,"86":0.1783216894,"87":0.1783216894,"88":0.1783216894,"89":0.1783216894,"90":0.1783216894,"91":0.1783216894,"92":0.1783216894,"93":0.1783216894,"94":0.1783216894,"95":0.1783216894,"96":0.1783216894,"97":0.1783216894,"98":0.1783216894,"99":0.1783216894}}