{"loss":{"0":0.6898323298,"1":0.6794205308,"2":0.6652403474,"3":0.6426174045,"4":0.6023566723,"5":0.5381580591,"6":0.4857296944,"7":0.450876236,"8":0.4324318767,"9":0.4219055474,"10":0.4159296155,"11":0.4130401611,"12":0.410972476,"13":0.410045445,"14":0.4092470407,"15":0.4084854126,"16":0.4078392982,"17":0.407117486,"18":0.4064118266,"19":0.4056340456,"20":0.4048104584,"21":0.403850168,"22":0.4028113484,"23":0.4015264213,"24":0.3999613822,"25":0.3981335759,"26":0.3960379362,"27":0.3931488693,"28":0.3899568319,"29":0.385948956,"30":0.381141305,"31":0.3758346736,"32":0.3700361252,"33":0.3638765216,"34":0.3568826914,"35":0.3498458862,"36":0.3428528607,"37":0.3353130221,"38":0.3278846145,"39":0.3208172321,"40":0.3134839237,"41":0.3063093722,"42":0.2997244596,"43":0.2929450572,"44":0.2861789763,"45":0.2798194289,"46":0.2738286257,"47":0.2680543661,"48":0.2624655068,"49":0.256660372,"50":0.251519233,"51":0.24666439,"52":0.2413081527,"53":0.2366845012,"54":0.2320515662,"55":0.2299351245,"56":0.2284833938,"57":0.2241528183,"58":0.2184451073,"59":0.2149760872,"60":0.2106656134,"61":0.2071879953,"62":0.203405574,"63":0.1998616755,"64":0.1966190934,"65":0.1933181435,"66":0.1902898252,"67":0.1873947084,"68":0.1845858097,"69":0.1816250682,"70":0.1787880957,"71":0.1760934442,"72":0.1735517383,"73":0.170871079,"74":0.1685450971,"75":0.1671910435,"76":0.1648129374,"77":0.1622198224,"78":0.1596926451,"79":0.1573377103,"80":0.1547653228,"81":0.1524078995,"82":0.1501440108,"83":0.1481682658,"84":0.1460006386,"85":0.1438789815,"86":0.1417045593,"87":0.1440722346,"88":0.1431517154,"89":0.1398708969,"90":0.1352652609,"91":0.1325243562,"92":0.1315630525,"93":0.1297213435,"94":0.127843067,"95":0.1259130687,"96":0.1240911037,"97":0.1223091558,"98":0.1207953468,"99":0.119280003},"hamming_loss":{"0":0.4230769277,"1":0.2534964979,"2":0.2425699383,"3":0.2019230872,"4":0.1765734255,"5":0.1791958064,"6":0.1796328872,"7":0.1796328723,"8":0.1796328872,"9":0.1796328872,"10":0.1796328723,"11":0.1796328574,"12":0.1796328872,"13":0.1796328872,"14":0.1796328872,"15":0.1796328723,"16":0.1796328872,"17":0.1796328723,"18":0.1796328872,"19":0.1796328872,"20":0.1796328723,"21":0.1796328872,"22":0.1796328872,"23":0.1796328723,"24":0.1796328872,"25":0.1796328872,"26":0.1796328574,"27":0.1796328872,"28":0.1791958213,"29":0.1787587553,"30":0.1748251766,"31":0.1695804149,"32":0.1634615511,"33":0.1582167745,"34":0.1516608298,"35":0.1494755298,"36":0.1494755298,"37":0.1481643319,"38":0.1416084021,"39":0.1389860213,"40":0.1254370809,"41":0.122377634,"42":0.1162587404,"43":0.1127622351,"44":0.1131993234,"45":0.1005244777,"46":0.0948426649,"47":0.0878496468,"48":0.0826049075,"49":0.0839160904,"50":0.0847902223,"51":0.082167834,"52":0.0834790245,"53":0.0847902074,"54":0.082167834,"55":0.0839160979,"56":0.0751748309,"57":0.0791083947,"58":0.0756118968,"59":0.0699300691,"60":0.0712412596,"61":0.0668706298,"62":0.0655594468,"63":0.0638111904,"64":0.0598776229,"65":0.0603146888,"66":0.0607517585,"67":0.0563811176,"68":0.0603146888,"69":0.0550699271,"70":0.0555070005,"71":0.0563811213,"72":0.0533216819,"73":0.0524475537,"74":0.0506993048,"75":0.0502622388,"76":0.0472027995,"77":0.0489510521,"78":0.0480769239,"79":0.0454545505,"80":0.0415209793,"81":0.0367132872,"82":0.0388986021,"83":0.0367132872,"84":0.0354021005,"85":0.0354021005,"86":0.0332167856,"87":0.0310314707,"88":0.0305944085,"89":0.0288461559,"90":0.0297202822,"91":0.0319055952,"92":0.0336538441,"93":0.0297202785,"94":0.0319055952,"95":0.0310314726,"96":0.0310314707,"97":0.0288461559,"98":0.0288461559,"99":0.0249125902},"val_loss":{"0":0.6840776801,"1":0.6724113822,"2":0.6545465589,"3":0.6231171489,"4":0.5647949576,"5":0.5031176209,"6":0.4605005383,"7":0.4364542663,"8":0.4238115549,"9":0.4174371958,"10":0.4145668149,"11":0.4133585095,"12":0.4129039049,"13":0.4128862619,"14":0.4122467041,"15":0.4120464027,"16":0.411601752,"17":0.4111930728,"18":0.4108093381,"19":0.4105009735,"20":0.410212785,"21":0.4097565711,"22":0.409298718,"23":0.4091621637,"24":0.4088015258,"25":0.4085296392,"26":0.4084257782,"27":0.4078737497,"28":0.4069650471,"29":0.4060369432,"30":0.4048777521,"31":0.4033639133,"32":0.4019016027,"33":0.3991635144,"34":0.396156311,"35":0.3971635103,"36":0.3916908503,"37":0.3913820088,"38":0.3871210217,"39":0.3868431747,"40":0.3852010965,"41":0.3831499219,"42":0.3826543689,"43":0.3809749782,"44":0.3810006082,"45":0.3782758415,"46":0.3770672977,"47":0.374592036,"48":0.3772536218,"49":0.3817960024,"50":0.3750203848,"51":0.3769185841,"52":0.3790916502,"53":0.3775873184,"54":0.3818290532,"55":0.3988187015,"56":0.393224448,"57":0.3929175138,"58":0.3841108978,"59":0.3834188581,"60":0.3887088895,"61":0.3853100538,"62":0.3830424547,"63":0.3853725195,"64":0.3851344287,"65":0.3853718936,"66":0.3869363666,"67":0.3839435875,"68":0.3894023895,"69":0.3846210241,"70":0.3875931799,"71":0.3877191246,"72":0.3860279918,"73":0.3899443448,"74":0.3986619711,"75":0.3867523074,"76":0.4033590555,"77":0.393823117,"78":0.4018394351,"79":0.4030700624,"80":0.3978417218,"81":0.4002832174,"82":0.402931124,"83":0.4028503299,"84":0.4031200707,"85":0.4075118899,"86":0.4109372199,"87":0.421471417,"88":0.4143737555,"89":0.4220738709,"90":0.4128014445,"91":0.4243960083,"92":0.413726151,"93":0.4210849106,"94":0.418518424,"95":0.4235310256,"96":0.4228307903,"97":0.4233625531,"98":0.4296508729,"99":0.4311406314},"val_hamming_loss":{"0":0.2989510596,"1":0.2683566809,"2":0.2377622575,"3":0.1774475574,"4":0.1783216894,"5":0.1783216894,"6":0.1783216894,"7":0.1783216894,"8":0.1783216894,"9":0.1783216894,"10":0.1783216894,"11":0.1783216894,"12":0.1783216894,"13":0.1783216894,"14":0.1783216894,"15":0.1783216894,"16":0.1783216894,"17":0.1783216894,"18":0.1783216894,"19":0.1783216894,"20":0.1783216894,"21":0.1783216894,"22":0.1783216894,"23":0.1783216894,"24":0.1783216894,"25":0.1783216894,"26":0.1783216894,"27":0.1783216894,"28":0.1783216894,"29":0.1783216894,"30":0.1783216894,"31":0.1774475574,"32":0.1748251766,"33":0.1756992936,"34":0.1722027957,"35":0.1756993085,"36":0.1748251766,"37":0.1739510447,"38":0.1765734255,"39":0.1704545617,"40":0.1722028106,"41":0.1678321809,"42":0.1713286787,"43":0.1704545468,"44":0.1652098,"45":0.1643356681,"46":0.1617133021,"47":0.1643356681,"48":0.164335683,"49":0.166083917,"50":0.1643356681,"51":0.1617133021,"52":0.1625874192,"53":0.1669580489,"54":0.1652097851,"55":0.1687063128,"56":0.1713286787,"57":0.1652097851,"58":0.1599650383,"59":0.1582167745,"60":0.1652098,"61":0.1617133021,"62":0.1599650383,"63":0.1608391702,"64":0.1590909213,"65":0.1634615362,"66":0.1590909213,"67":0.1608391702,"68":0.1608391702,"69":0.1547202915,"70":0.1599650383,"71":0.1625874192,"72":0.1573426574,"73":0.1599650383,"74":0.1634615511,"75":0.1590909064,"76":0.1652097851,"77":0.1634615511,"78":0.1625874192,"79":0.1617133021,"80":0.1590909064,"81":0.1573426574,"82":0.1643356681,"83":0.1599650383,"84":0.1617132872,"85":0.1625874192,"86":0.1634615511,"87":0.1634615511,"88":0.1617133021,"89":0.167832166,"90":0.1617132872,"91":0.1625874192,"92":0.1590909362,"93":0.1634615511,"94":0.1617133021,"95":0.1617132872,"96":0.1608391702,"97":0.1564685404,"98":0.1643356681,"99":0.1590909213}}