{"loss":{"0":0.6922999024,"1":0.6829651594,"2":0.6716342568,"3":0.6541618705,"4":0.6246227026,"5":0.5810108185,"6":0.5461870432,"7":0.5233443975,"8":0.5036745071,"9":0.4869140685,"10":0.4730121493,"11":0.460642159,"12":0.4503576159,"13":0.4417850077,"14":0.4348604381,"15":0.4295282364,"16":0.4250054061,"17":0.4213955998,"18":0.4184950292,"19":0.4164457321,"20":0.4148108065,"21":0.4133082926,"22":0.4120984077,"23":0.410920918,"24":0.4100314677,"25":0.409183234,"26":0.4085653722,"27":0.4080245495,"28":0.407626152,"29":0.4072249234,"30":0.4067592323,"31":0.4064072669,"32":0.4057709873,"33":0.4055408537,"34":0.4052508771,"35":0.4050593674,"36":0.4048256278,"37":0.4047264755,"38":0.4045179188,"39":0.4047363997,"40":0.4045407772,"41":0.4044540226,"42":0.404214412,"43":0.4041104019,"44":0.4039742053,"45":0.4040344357,"46":0.403901279,"47":0.4037162662,"48":0.4035941362,"49":0.4035292268,"50":0.403341949,"51":0.4032997787,"52":0.4033833146,"53":0.4031709433,"54":0.4030118585,"55":0.4028919935,"56":0.4028101265,"57":0.4027585685,"58":0.4027886391,"59":0.4026920199,"60":0.4026501179,"61":0.4025801718,"62":0.4024878144,"63":0.4023956656,"64":0.4024651945,"65":0.4024972022,"66":0.4023696184,"67":0.4022321701,"68":0.4021413624,"69":0.4021318555,"70":0.4021229744,"71":0.4020859599,"72":0.4020292461,"73":0.4020821154,"74":0.4022675455,"75":0.4026214778,"76":0.4025491476,"77":0.4024568796,"78":0.4022479951,"79":0.402166307,"80":0.4020219445,"81":0.4020696282,"82":0.4019868076,"83":0.4018926024,"84":0.401892513,"85":0.4018501341,"86":0.4018445611,"87":0.401840806,"88":0.4018056691,"89":0.4018149674,"90":0.4017463624,"91":0.4016677141,"92":0.4017126262,"93":0.4016341269,"94":0.4015250504,"95":0.4016771913,"96":0.401589334,"97":0.4015256464,"98":0.4014972746,"99":0.4015334249},"hamming_loss":{"0":0.4090185761,"1":0.2950039804,"2":0.1863600612,"3":0.179222852,"4":0.179222852,"5":0.1792228371,"6":0.179222852,"7":0.179222852,"8":0.1792228371,"9":0.179222852,"10":0.179222852,"11":0.1792228669,"12":0.1792228371,"13":0.179222852,"14":0.1792228371,"15":0.179222852,"16":0.179222852,"17":0.179222852,"18":0.1792228371,"19":0.179222852,"20":0.179222852,"21":0.179222852,"22":0.179222852,"23":0.1792228669,"24":0.179222852,"25":0.179222852,"26":0.179222852,"27":0.179222852,"28":0.179222852,"29":0.179222852,"30":0.1792228371,"31":0.179222852,"32":0.179222852,"33":0.179222852,"34":0.179222852,"35":0.1792228669,"36":0.179222852,"37":0.1792228371,"38":0.1792228371,"39":0.1792228371,"40":0.179222852,"41":0.179222852,"42":0.179222852,"43":0.1792228371,"44":0.179222852,"45":0.179222852,"46":0.179222852,"47":0.1792228669,"48":0.179222852,"49":0.179222852,"50":0.1792228371,"51":0.179222852,"52":0.179222852,"53":0.179222852,"54":0.1792228371,"55":0.179222852,"56":0.179222852,"57":0.179222852,"58":0.1792228371,"59":0.179222852,"60":0.179222852,"61":0.179222852,"62":0.179222852,"63":0.1792228371,"64":0.1792228371,"65":0.179222852,"66":0.179222852,"67":0.179222852,"68":0.179222852,"69":0.179222852,"70":0.179222852,"71":0.179222852,"72":0.179222852,"73":0.179222852,"74":0.179222852,"75":0.179222852,"76":0.179222852,"77":0.179222852,"78":0.179222852,"79":0.179222852,"80":0.179222852,"81":0.179222852,"82":0.179222852,"83":0.179222852,"84":0.179222852,"85":0.1792228669,"86":0.179222852,"87":0.1792228371,"88":0.1792228669,"89":0.1792228371,"90":0.179222852,"91":0.179222852,"92":0.179222852,"93":0.1792228371,"94":0.179222852,"95":0.179222852,"96":0.179222852,"97":0.179222852,"98":0.179222852,"99":0.179222852},"val_loss":{"0":0.6865415573,"1":0.6763427854,"2":0.6616310477,"3":0.6367869377,"4":0.5957782865,"5":0.5539764166,"6":0.5280230045,"7":0.5068045855,"8":0.4890001714,"9":0.4745432436,"10":0.4625086784,"11":0.4522713125,"12":0.4434007108,"13":0.4364683628,"14":0.4314259589,"15":0.4275911152,"16":0.4239703715,"17":0.4215449393,"18":0.4193184376,"19":0.4178002775,"20":0.4168556631,"21":0.4162360728,"22":0.4158929884,"23":0.4150446951,"24":0.4143137038,"25":0.4138257504,"26":0.4134336412,"27":0.4135759771,"28":0.4138520062,"29":0.4141647816,"30":0.4138914049,"31":0.4131549299,"32":0.4125398695,"33":0.4124478996,"34":0.4118113518,"35":0.41136989,"36":0.4113682806,"37":0.4109476507,"38":0.4103759527,"39":0.4099796712,"40":0.4100479186,"41":0.4102697074,"42":0.4104435444,"43":0.4105114043,"44":0.4104704857,"45":0.410435915,"46":0.4106226861,"47":0.4109359086,"48":0.4108344018,"49":0.4106785953,"50":0.4107356966,"51":0.4109916985,"52":0.4110468328,"53":0.4107117653,"54":0.4103960097,"55":0.4099148214,"56":0.4093376398,"57":0.4090268612,"58":0.4089415967,"59":0.4088722169,"60":0.4089380503,"61":0.4087997377,"62":0.4088258743,"63":0.4086899757,"64":0.408446312,"65":0.408411175,"66":0.4087126255,"67":0.4088937342,"68":0.4090638459,"69":0.4088480175,"70":0.4089300632,"71":0.4089848995,"72":0.4090445936,"73":0.4089805186,"74":0.4087947309,"75":0.4086298645,"76":0.4083354175,"77":0.407892704,"78":0.4079184532,"79":0.4082137048,"80":0.4081766903,"81":0.4079760015,"82":0.4081130028,"83":0.4082345963,"84":0.4083994925,"85":0.4083674848,"86":0.4085751474,"87":0.4090337455,"88":0.4092509747,"89":0.4094560146,"90":0.409565568,"91":0.4096374214,"92":0.4095427096,"93":0.4095599651,"94":0.4092176855,"95":0.4090003967,"96":0.4090966284,"97":0.4092825949,"98":0.4096179008,"99":0.4097474813},"val_hamming_loss":{"0":0.3421474695,"1":0.2043269426,"2":0.1722756475,"3":0.1722756475,"4":0.1722756475,"5":0.1722756475,"6":0.1722756475,"7":0.1722756475,"8":0.1722756475,"9":0.1722756475,"10":0.1722756475,"11":0.1722756475,"12":0.1722756475,"13":0.1722756475,"14":0.1722756475,"15":0.1722756475,"16":0.1722756475,"17":0.1722756475,"18":0.1722756475,"19":0.1722756475,"20":0.1722756475,"21":0.1722756475,"22":0.1722756475,"23":0.1722756475,"24":0.1722756475,"25":0.1722756475,"26":0.1722756475,"27":0.1722756475,"28":0.1722756475,"29":0.1722756475,"30":0.1722756475,"31":0.1722756475,"32":0.1722756475,"33":0.1722756475,"34":0.1722756475,"35":0.1722756475,"36":0.1722756475,"37":0.1722756475,"38":0.1722756475,"39":0.1722756475,"40":0.1722756475,"41":0.1722756475,"42":0.1722756475,"43":0.1722756475,"44":0.1722756475,"45":0.1722756475,"46":0.1722756475,"47":0.1722756475,"48":0.1722756475,"49":0.1722756475,"50":0.1722756475,"51":0.1722756475,"52":0.1722756475,"53":0.1722756475,"54":0.1722756475,"55":0.1722756475,"56":0.1722756475,"57":0.1722756475,"58":0.1722756475,"59":0.1722756475,"60":0.1722756475,"61":0.1722756475,"62":0.1722756475,"63":0.1722756475,"64":0.1722756475,"65":0.1722756475,"66":0.1722756475,"67":0.1722756475,"68":0.1722756475,"69":0.1722756475,"70":0.1722756475,"71":0.1722756475,"72":0.1722756475,"73":0.1722756475,"74":0.1722756475,"75":0.1722756475,"76":0.1722756475,"77":0.1722756475,"78":0.1722756475,"79":0.1722756475,"80":0.1722756475,"81":0.1722756475,"82":0.1722756475,"83":0.1722756475,"84":0.1722756475,"85":0.1722756475,"86":0.1722756475,"87":0.1722756475,"88":0.1722756475,"89":0.1722756475,"90":0.1722756475,"91":0.1722756475,"92":0.1722756475,"93":0.1722756475,"94":0.1722756475,"95":0.1722756475,"96":0.1722756475,"97":0.1722756475,"98":0.1722756475,"99":0.1722756475}}