{"loss":{"0":0.6492374539,"1":0.4941259623,"2":0.4278407395,"3":0.4122176766,"4":0.4104728699,"5":0.4086306989,"6":0.4045051932,"7":0.4039279521,"8":0.4040042162,"9":0.4035883248,"10":0.4053573906,"11":0.4046835303,"12":0.4028616548,"13":0.4032328129,"14":0.4037039578,"15":0.4054769874,"16":0.4035937488,"17":0.4031394422,"18":0.4016252756,"19":0.4049293995,"20":0.4069331884,"21":0.4036057591,"22":0.4043383002,"23":0.4038505554,"24":0.4038392007,"25":0.4020510316,"26":0.4023272693,"27":0.4031717479,"28":0.4055664241,"29":0.406001389,"30":0.4041230977,"31":0.4046895802,"32":0.4054288566,"33":0.4040188491,"34":0.4024542272,"35":0.4022842348,"36":0.402576685,"37":0.4026145935,"38":0.4025909305,"39":0.4076867104,"40":0.4053310156,"41":0.4031770527,"42":0.4027783871,"43":0.4021295011,"44":0.4024145901,"45":0.4047146142,"46":0.4027532935,"47":0.4023795724,"48":0.4034272134,"49":0.4040016532,"50":0.4026864469,"51":0.4022550285,"52":0.4031081498,"53":0.4024309516,"54":0.4017508924,"55":0.4034452438,"56":0.4042977095,"57":0.4025427401,"58":0.403970778,"59":0.4020171165,"60":0.4020746648,"61":0.4027442038,"62":0.4024803042,"63":0.4016423523,"64":0.4032888114,"65":0.4034251571,"66":0.4015985727,"67":0.4027902186,"68":0.4022503793,"69":0.4016681015,"70":0.40353778,"71":0.4035680592,"72":0.4027319551,"73":0.4026431739,"74":0.4034101367,"75":0.4052517712,"76":0.4037385881,"77":0.4038490355,"78":0.4032351971,"79":0.4031192362,"80":0.4040176868,"81":0.4041505754,"82":0.4020269811,"83":0.4029320478,"84":0.4041275382,"85":0.4037273526,"86":0.4031291306,"87":0.4027176201,"88":0.402262032,"89":0.4017108679,"90":0.4016879499,"91":0.4019579291,"92":0.4027786255,"93":0.4020791948,"94":0.4013382792,"95":0.4027387202,"96":0.4018672705,"97":0.4011865258,"98":0.4015194476,"99":0.403272301},"hamming_loss":{"0":0.2395225465,"1":0.179222852,"2":0.179222852,"3":0.179222852,"4":0.1903251559,"5":0.190325141,"6":0.179222852,"7":0.179222852,"8":0.1792228371,"9":0.179222852,"10":0.179222852,"11":0.1792228669,"12":0.1792228371,"13":0.179222852,"14":0.1792228371,"15":0.179222852,"16":0.179222852,"17":0.179222852,"18":0.1792228371,"19":0.179222852,"20":0.179222852,"21":0.179222852,"22":0.179222852,"23":0.1792228669,"24":0.179222852,"25":0.179222852,"26":0.179222852,"27":0.179222852,"28":0.179222852,"29":0.179222852,"30":0.1792228371,"31":0.1879460812,"32":0.1831879616,"33":0.179222852,"34":0.179222852,"35":0.1792228669,"36":0.179222852,"37":0.1792228371,"38":0.1792228371,"39":0.1792228371,"40":0.179222852,"41":0.179222852,"42":0.179222852,"43":0.1792228371,"44":0.179222852,"45":0.179222852,"46":0.179222852,"47":0.1792228669,"48":0.179222852,"49":0.179222852,"50":0.1792228371,"51":0.179222852,"52":0.179222852,"53":0.179222852,"54":0.1792228371,"55":0.179222852,"56":0.179222852,"57":0.179222852,"58":0.1792228371,"59":0.179222852,"60":0.179222852,"61":0.179222852,"62":0.179222852,"63":0.1792228371,"64":0.1792228371,"65":0.179222852,"66":0.179222852,"67":0.179222852,"68":0.179222852,"69":0.179222852,"70":0.179222852,"71":0.179222852,"72":0.179222852,"73":0.179222852,"74":0.179222852,"75":0.179222852,"76":0.179222852,"77":0.179222852,"78":0.179222852,"79":0.179222852,"80":0.179222852,"81":0.179222852,"82":0.179222852,"83":0.179222852,"84":0.179222852,"85":0.1792228669,"86":0.179222852,"87":0.1792228371,"88":0.1792228669,"89":0.1792228371,"90":0.179222852,"91":0.179222852,"92":0.179222852,"93":0.1792228371,"94":0.179222852,"95":0.179222852,"96":0.179222852,"97":0.179222852,"98":0.179222852,"99":0.179222852},"val_loss":{"0":0.5301716924,"1":0.4381252527,"2":0.4201305807,"3":0.4216026962,"4":0.4216690361,"5":0.4168694913,"6":0.4143557549,"7":0.4137366116,"8":0.4148875177,"9":0.4160667658,"10":0.417649895,"11":0.4139456451,"12":0.4096362293,"13":0.406670332,"14":0.4096538723,"15":0.4138279855,"16":0.4100598991,"17":0.4104628563,"18":0.4066300094,"19":0.4100140333,"20":0.4104197919,"21":0.4129079878,"22":0.4152919054,"23":0.4107062519,"24":0.4083578289,"25":0.4084154665,"26":0.410104841,"27":0.4142808914,"28":0.41792202,"29":0.4181630611,"30":0.4134871066,"31":0.4123151004,"32":0.4104044735,"33":0.4114064276,"34":0.4084492624,"35":0.4081913233,"36":0.4102847576,"37":0.407708019,"38":0.4071194232,"39":0.4084475338,"40":0.4086221159,"41":0.4123204648,"42":0.4126400948,"43":0.4118905365,"44":0.4109767973,"45":0.4105584621,"46":0.410261184,"47":0.4134697914,"48":0.4109661281,"49":0.4092680514,"50":0.4095390737,"51":0.4119173586,"52":0.4132341444,"53":0.4091147184,"54":0.4083351195,"55":0.4081325531,"56":0.4060299695,"57":0.407345295,"58":0.4098329246,"59":0.410091728,"60":0.4117875397,"61":0.4097936451,"62":0.4088895619,"63":0.4072013795,"64":0.4068522155,"65":0.4073228538,"66":0.4110156,"67":0.4121460915,"68":0.4096862078,"69":0.4079667628,"70":0.4100615978,"71":0.4097207785,"72":0.4095053375,"73":0.4088246822,"74":0.4083874226,"75":0.4083487988,"76":0.4073292315,"77":0.4072999954,"78":0.408554554,"79":0.410969615,"80":0.4108323157,"81":0.4070231616,"82":0.4081318378,"83":0.4108457267,"84":0.4100190699,"85":0.4079188406,"86":0.4089546204,"87":0.4118296206,"88":0.4118213654,"89":0.4113676846,"90":0.4115425646,"91":0.4111452103,"92":0.4097850323,"93":0.4095347226,"94":0.4080284536,"95":0.4072811604,"96":0.4101371467,"97":0.4113339484,"98":0.4143342078,"99":0.4139625132},"val_hamming_loss":{"0":0.1722756475,"1":0.1722756475,"2":0.1722756475,"3":0.1722756475,"4":0.1802884787,"5":0.1722756475,"6":0.1722756475,"7":0.1722756475,"8":0.1722756475,"9":0.1722756475,"10":0.1722756475,"11":0.1722756475,"12":0.1722756475,"13":0.1722756475,"14":0.1722756475,"15":0.1722756475,"16":0.1722756475,"17":0.1722756475,"18":0.1722756475,"19":0.1722756475,"20":0.1722756475,"21":0.1722756475,"22":0.1722756475,"23":0.1722756475,"24":0.1722756475,"25":0.1722756475,"26":0.1722756475,"27":0.1722756475,"28":0.1722756475,"29":0.1722756475,"30":0.1722756475,"31":0.1802884787,"32":0.1722756475,"33":0.1722756475,"34":0.1722756475,"35":0.1722756475,"36":0.1722756475,"37":0.1722756475,"38":0.1722756475,"39":0.1722756475,"40":0.1722756475,"41":0.1722756475,"42":0.1722756475,"43":0.1722756475,"44":0.1722756475,"45":0.1722756475,"46":0.1722756475,"47":0.1722756475,"48":0.1722756475,"49":0.1722756475,"50":0.1722756475,"51":0.1722756475,"52":0.1722756475,"53":0.1722756475,"54":0.1722756475,"55":0.1722756475,"56":0.1722756475,"57":0.1722756475,"58":0.1722756475,"59":0.1722756475,"60":0.1722756475,"61":0.1722756475,"62":0.1722756475,"63":0.1722756475,"64":0.1722756475,"65":0.1722756475,"66":0.1722756475,"67":0.1722756475,"68":0.1722756475,"69":0.1722756475,"70":0.1722756475,"71":0.1722756475,"72":0.1722756475,"73":0.1722756475,"74":0.1722756475,"75":0.1722756475,"76":0.1722756475,"77":0.1722756475,"78":0.1722756475,"79":0.1722756475,"80":0.1722756475,"81":0.1722756475,"82":0.1722756475,"83":0.1722756475,"84":0.1722756475,"85":0.1722756475,"86":0.1722756475,"87":0.1722756475,"88":0.1722756475,"89":0.1722756475,"90":0.1722756475,"91":0.1722756475,"92":0.1722756475,"93":0.1722756475,"94":0.1722756475,"95":0.1722756475,"96":0.1722756475,"97":0.1722756475,"98":0.1722756475,"99":0.1722756475}}