{"loss":{"0":0.6953091025,"1":0.6943950057,"2":0.6934980154,"3":0.6925964952,"4":0.6917064786,"5":0.690813303,"6":0.6898822784,"7":0.6889254451,"8":0.6879461408,"9":0.6869511604,"10":0.6859151125,"11":0.6848402619,"12":0.6836971045,"13":0.6825137734,"14":0.6812778711,"15":0.6799685955,"16":0.6785929799,"17":0.6770002246,"18":0.6753333807,"19":0.6735007167,"20":0.6714552045,"21":0.6691375971,"22":0.6665216088,"23":0.663533628,"24":0.6601811647,"25":0.6564104557,"26":0.6519716978,"27":0.6468174458,"28":0.6409431696,"29":0.6341592669,"30":0.626470983,"31":0.6180918813,"32":0.6091926694,"33":0.5997672081,"34":0.5907139182,"35":0.5823205113,"36":0.57518363,"37":0.5692516565,"38":0.5642117858,"39":0.5598940253,"40":0.5559926629,"41":0.5523328781,"42":0.5488740802,"43":0.5457520485,"44":0.5428565741,"45":0.5400955081,"46":0.5374609232,"47":0.534853816,"48":0.5323114395,"49":0.5298057795,"50":0.5273358226,"51":0.5249354839,"52":0.522734046,"53":0.5205556154,"54":0.5184344053,"55":0.5164195299,"56":0.5144509077,"57":0.5123711228,"58":0.5103744268,"59":0.5084816217,"60":0.5067048669,"61":0.5048875213,"62":0.5031502247,"63":0.5013959408,"64":0.4997577369,"65":0.4981251359,"66":0.4964765906,"67":0.4948978722,"68":0.4933402538,"69":0.4917811751,"70":0.4902895093,"71":0.4888013601,"72":0.4872851074,"73":0.4857949317,"74":0.4844232202,"75":0.4831193686,"76":0.4818186164,"77":0.4805927873,"78":0.4793786108,"79":0.478181392,"80":0.4770234525,"81":0.4758770764,"82":0.4747516215,"83":0.4736349881,"84":0.4725472033,"85":0.4714492857,"86":0.4703638852,"87":0.469274044,"88":0.4682060778,"89":0.4671750367,"90":0.4661783576,"91":0.4651994705,"92":0.4642575979,"93":0.463314414,"94":0.4624045491,"95":0.4615270495,"96":0.4606378675,"97":0.4597790539,"98":0.4589114487,"99":0.4580887854},"hamming_loss":{"0":0.4620690048,"1":0.5947660208,"2":0.5947660804,"3":0.5955590606,"4":0.575733602,"5":0.575733602,"6":0.4734337926,"7":0.418715328,"8":0.3465503752,"9":0.3465503752,"10":0.3148295283,"11":0.2878667712,"12":0.2878667712,"13":0.287866801,"14":0.2878667712,"15":0.287866801,"16":0.2870737612,"17":0.2109437138,"18":0.2109436989,"19":0.2109437138,"20":0.2109437138,"21":0.190721646,"22":0.179222852,"23":0.1792228669,"24":0.179222852,"25":0.179222852,"26":0.179222852,"27":0.179222852,"28":0.179222852,"29":0.179222852,"30":0.1792228371,"31":0.179222852,"32":0.179222852,"33":0.179222852,"34":0.179222852,"35":0.1792228669,"36":0.179222852,"37":0.1792228371,"38":0.1792228371,"39":0.1792228371,"40":0.179222852,"41":0.179222852,"42":0.179222852,"43":0.1792228371,"44":0.179222852,"45":0.179222852,"46":0.179222852,"47":0.1792228669,"48":0.179222852,"49":0.179222852,"50":0.1792228371,"51":0.179222852,"52":0.179222852,"53":0.179222852,"54":0.1792228371,"55":0.179222852,"56":0.179222852,"57":0.179222852,"58":0.1792228371,"59":0.179222852,"60":0.179222852,"61":0.179222852,"62":0.179222852,"63":0.1792228371,"64":0.1792228371,"65":0.179222852,"66":0.179222852,"67":0.179222852,"68":0.179222852,"69":0.179222852,"70":0.179222852,"71":0.179222852,"72":0.179222852,"73":0.179222852,"74":0.179222852,"75":0.179222852,"76":0.179222852,"77":0.179222852,"78":0.179222852,"79":0.179222852,"80":0.179222852,"81":0.179222852,"82":0.179222852,"83":0.179222852,"84":0.179222852,"85":0.1792228669,"86":0.179222852,"87":0.1792228371,"88":0.1792228669,"89":0.1792228371,"90":0.179222852,"91":0.179222852,"92":0.179222852,"93":0.1792228371,"94":0.179222852,"95":0.179222852,"96":0.179222852,"97":0.179222852,"98":0.179222852,"99":0.179222852},"val_loss":{"0":0.6949495673,"1":0.6940467954,"2":0.6931318641,"3":0.6922200322,"4":0.6913256645,"5":0.690404892,"6":0.6894498467,"7":0.6884536743,"8":0.6874524951,"9":0.686440289,"10":0.6853773594,"11":0.6842503548,"12":0.6830632091,"13":0.6818420291,"14":0.6805565953,"15":0.6791940331,"16":0.6776621342,"17":0.6760084033,"18":0.6742110252,"19":0.6722485423,"20":0.6700131297,"21":0.6674838066,"22":0.6646267772,"23":0.661410749,"24":0.6577301025,"25":0.6535236239,"26":0.6486071944,"27":0.6429648995,"28":0.6364026666,"29":0.6289181113,"30":0.6205710769,"31":0.6117199063,"32":0.6020464301,"33":0.5924552083,"34":0.5835238695,"35":0.5755648017,"36":0.5689455867,"37":0.5633586049,"38":0.558716476,"39":0.5546366572,"40":0.550773561,"41":0.5471718907,"42":0.5438888073,"43":0.5408318639,"44":0.5379769206,"45":0.535297215,"46":0.5326783657,"47":0.5301201344,"48":0.5275786519,"49":0.5250402093,"50":0.5226166844,"51":0.5203003287,"52":0.518119514,"53":0.5159377456,"54":0.5138399005,"55":0.5118693709,"56":0.5097424984,"57":0.5076656342,"58":0.5056762695,"59":0.503837049,"60":0.5019822717,"61":0.5001809001,"62":0.4984427691,"63":0.4967371523,"64":0.4950571954,"65":0.4933766425,"66":0.491828531,"67":0.4902397096,"68":0.4887188971,"69":0.4871757925,"70":0.4856923521,"71":0.4841750562,"72":0.4826869071,"73":0.4812273979,"74":0.4798515141,"75":0.478497833,"76":0.4772727191,"77":0.4760781229,"78":0.4748862684,"79":0.4737967551,"80":0.4726390541,"81":0.4715280533,"82":0.4704542458,"83":0.469427675,"84":0.4683918953,"85":0.4673156738,"86":0.4662750661,"87":0.4652936459,"88":0.4643061161,"89":0.4633492529,"90":0.4624324739,"91":0.4615404606,"92":0.4606618583,"93":0.4597948492,"94":0.4589546919,"95":0.4581011534,"96":0.4573172629,"97":0.4565186799,"98":0.455734998,"99":0.4549798965},"val_hamming_loss":{"0":0.5921474695,"1":0.5921474695,"2":0.5921474695,"3":0.5584936142,"4":0.5584936142,"5":0.4959936142,"6":0.4431090057,"7":0.3421474695,"8":0.3421474695,"9":0.3421474695,"10":0.2812500298,"11":0.2812500298,"12":0.2812500298,"13":0.2812500298,"14":0.2812500298,"15":0.2812500298,"16":0.2043269426,"17":0.2043269426,"18":0.2043269426,"19":0.2043269426,"20":0.2043269426,"21":0.1722756475,"22":0.1722756475,"23":0.1722756475,"24":0.1722756475,"25":0.1722756475,"26":0.1722756475,"27":0.1722756475,"28":0.1722756475,"29":0.1722756475,"30":0.1722756475,"31":0.1722756475,"32":0.1722756475,"33":0.1722756475,"34":0.1722756475,"35":0.1722756475,"36":0.1722756475,"37":0.1722756475,"38":0.1722756475,"39":0.1722756475,"40":0.1722756475,"41":0.1722756475,"42":0.1722756475,"43":0.1722756475,"44":0.1722756475,"45":0.1722756475,"46":0.1722756475,"47":0.1722756475,"48":0.1722756475,"49":0.1722756475,"50":0.1722756475,"51":0.1722756475,"52":0.1722756475,"53":0.1722756475,"54":0.1722756475,"55":0.1722756475,"56":0.1722756475,"57":0.1722756475,"58":0.1722756475,"59":0.1722756475,"60":0.1722756475,"61":0.1722756475,"62":0.1722756475,"63":0.1722756475,"64":0.1722756475,"65":0.1722756475,"66":0.1722756475,"67":0.1722756475,"68":0.1722756475,"69":0.1722756475,"70":0.1722756475,"71":0.1722756475,"72":0.1722756475,"73":0.1722756475,"74":0.1722756475,"75":0.1722756475,"76":0.1722756475,"77":0.1722756475,"78":0.1722756475,"79":0.1722756475,"80":0.1722756475,"81":0.1722756475,"82":0.1722756475,"83":0.1722756475,"84":0.1722756475,"85":0.1722756475,"86":0.1722756475,"87":0.1722756475,"88":0.1722756475,"89":0.1722756475,"90":0.1722756475,"91":0.1722756475,"92":0.1722756475,"93":0.1722756475,"94":0.1722756475,"95":0.1722756475,"96":0.1722756475,"97":0.1722756475,"98":0.1722756475,"99":0.1722756475}}