{"loss":{"0":7.6843028069,"1":7.6235041618,"2":7.5495934486,"3":7.4439935684,"4":7.2851104736,"5":7.0946187973,"6":6.9161667824,"7":6.7968254089,"8":6.7634115219,"9":6.7741212845,"10":6.7983336449,"11":6.8210372925,"12":6.8542513847,"13":6.8938269615,"14":6.9309597015,"15":6.9592862129,"16":7.0099806786,"17":7.0590229034,"18":7.0997033119,"19":7.1256136894,"20":7.14249897,"21":7.1634931564,"22":7.182267189,"23":7.2033433914,"24":7.2316660881,"25":7.2489953041,"26":7.2549543381,"27":7.2537150383,"28":7.2505321503,"29":7.2509803772,"30":7.2562704086,"31":7.2697491646,"32":7.2825856209,"33":7.2896294594,"34":7.3011431694,"35":7.3187990189,"36":7.3305559158,"37":7.3441510201,"38":7.3584551811,"39":7.3684382439,"40":7.3714914322,"41":7.3801321983,"42":7.3838953972,"43":7.3863325119,"44":7.3892736435,"45":7.3850293159,"46":7.3798341751,"47":7.3809084892,"48":7.3874053955,"49":7.401693821,"50":7.4149246216,"51":7.426176548,"52":7.4301548004,"53":7.4322180748,"54":7.437722683,"55":7.4384465218,"56":7.4493093491,"57":7.4684257507,"58":7.4884133339,"59":7.4979391098,"60":7.5072488785,"61":7.5154504776,"62":7.5204739571,"63":7.5253276825,"64":7.5353546143,"65":7.5512876511,"66":7.5560956001,"67":7.5571718216,"68":7.5617160797,"69":7.5720143318,"70":7.5863900185,"71":7.6025509834,"72":7.6221723557,"73":7.6437759399,"74":7.6676216125,"75":7.6914396286,"76":7.7043905258,"77":7.7049574852,"78":7.7085690498,"79":7.709400177,"80":7.713616848,"81":7.7242841721,"82":7.7311382294,"83":7.7310147285,"84":7.730588913,"85":7.7403798103,"86":7.7534980774,"87":7.762887001,"88":7.7698130608,"89":7.7784733772,"90":7.7812147141,"91":7.7829113007,"92":7.7857646942,"93":7.7883071899,"94":7.7842845917,"95":7.7859807014,"96":7.7835931778,"97":7.7790307999,"98":7.7847232819,"99":7.7937994003},"hamming_loss":{"0":0.5867374539,"1":0.5051546097,"2":0.5551150441,"3":0.5551150441,"4":0.5551150441,"5":0.5440126657,"6":0.5186359882,"7":0.5186360478,"8":0.5186359882,"9":0.5186359882,"10":0.5186360478,"11":0.538461566,"12":0.5471847653,"13":0.5471847653,"14":0.5471847653,"15":0.5471848249,"16":0.5471847653,"17":0.5471848249,"18":0.6169707179,"19":0.6169707179,"20":0.6169707179,"21":0.6169707179,"22":0.6169707179,"23":0.6169707179,"24":0.6169707179,"25":0.6169707179,"26":0.6169707179,"27":0.6169706583,"28":0.6169706583,"29":0.6169706583,"30":0.6169706583,"31":0.6169707179,"32":0.6169707179,"33":0.6169707179,"34":0.6169707179,"35":0.6169707179,"36":0.6169706583,"37":0.6169707179,"38":0.6169707179,"39":0.6177636981,"40":0.6931007504,"41":0.6931006908,"42":0.6931007504,"43":0.6931007504,"44":0.6931007504,"45":0.6931007504,"46":0.6931006908,"47":0.6931007504,"48":0.6931007504,"49":0.6931007504,"50":0.6931007504,"51":0.6931007504,"52":0.6931007504,"53":0.6931006908,"54":0.6931006908,"55":0.6931007504,"56":0.6931007504,"57":0.6931007504,"58":0.6931007504,"59":0.6931007504,"60":0.6931006908,"61":0.6931007504,"62":0.6931007504,"63":0.6931006908,"64":0.6931007504,"65":0.6931007504,"66":0.6931007504,"67":0.6931006908,"68":0.6931007504,"69":0.6931007504,"70":0.6931007504,"71":0.6931007504,"72":0.6931007504,"73":0.6931006908,"74":0.6931006908,"75":0.6931007504,"76":0.6931007504,"77":0.6931007504,"78":0.6931006908,"79":0.6931007504,"80":0.6931006908,"81":0.6931007504,"82":0.6931006908,"83":0.6931006908,"84":0.6931006908,"85":0.6931007504,"86":0.6931007504,"87":0.6931006908,"88":0.6931007504,"89":0.6931007504,"90":0.6931007504,"91":0.6931007504,"92":0.6931007504,"93":0.6931006908,"94":0.6931007504,"95":0.6931007504,"96":0.6931007504,"97":0.6931007504,"98":0.6931007504,"99":0.6931006908},"val_loss":{"0":7.9090828896,"1":7.8394837379,"2":7.7410025597,"3":7.5849437714,"4":7.3702149391,"5":7.1428909302,"6":6.9665856361,"7":6.8954410553,"8":6.8983883858,"9":6.919708252,"10":6.9436511993,"11":6.9651465416,"12":6.9933457375,"13":7.0285415649,"14":7.0544910431,"15":7.0882439613,"16":7.1381087303,"17":7.1814866066,"18":7.2088627815,"19":7.2256178856,"20":7.2460741997,"21":7.2691836357,"22":7.2932267189,"23":7.3229351044,"24":7.3517661095,"25":7.3609924316,"26":7.3680348396,"27":7.368976593,"28":7.3745026588,"29":7.3871498108,"30":7.4025268555,"31":7.4241065979,"32":7.4377799034,"33":7.4479622841,"34":7.4656620026,"35":7.483543396,"36":7.4943962097,"37":7.5126338005,"38":7.5230679512,"39":7.5278134346,"40":7.5355496407,"41":7.5494632721,"42":7.555311203,"43":7.5632910728,"44":7.5676035881,"45":7.5597648621,"46":7.563190937,"47":7.5731544495,"48":7.5851540565,"49":7.6056008339,"50":7.6210808754,"51":7.6356067657,"52":7.6374278069,"53":7.6457428932,"54":7.651473999,"55":7.6531462669,"56":7.6747126579,"57":7.6976952553,"58":7.7173075676,"59":7.7261080742,"60":7.7416062355,"61":7.7490439415,"62":7.7560400963,"63":7.7651104927,"64":7.7787718773,"65":7.7946076393,"66":7.7955508232,"67":7.803604126,"68":7.8135867119,"69":7.8309502602,"70":7.8483448029,"71":7.8721904755,"72":7.8972611427,"73":7.9231858253,"74":7.9465880394,"75":7.9700932503,"76":7.9741158485,"77":7.972017765,"78":7.9795279503,"79":7.9834136963,"80":7.998008728,"81":8.0069713593,"82":8.0128145218,"83":8.0115461349,"84":8.019490242,"85":8.0365228653,"86":8.0503396988,"87":8.0648813248,"88":8.0764751434,"89":8.0875959396,"90":8.0924882889,"91":8.100815773,"92":8.1069784164,"93":8.1103639603,"94":8.1074485779,"95":8.1149082184,"96":8.1092300415,"97":8.1168870926,"98":8.1311645508,"99":8.1453428268},"val_hamming_loss":{"0":0.4639423192,"1":0.5392628312,"2":0.5392628312,"3":0.5392628312,"4":0.5777243972,"5":0.5024038553,"6":0.5024038553,"7":0.5024038553,"8":0.5024038553,"9":0.5024038553,"10":0.5024038553,"11":0.547275722,"12":0.547275722,"13":0.547275722,"14":0.547275722,"15":0.547275722,"16":0.547275722,"17":0.6097756624,"18":0.6097756624,"19":0.6097756624,"20":0.6097756624,"21":0.6097756624,"22":0.6097756624,"23":0.6097756624,"24":0.6097756624,"25":0.6097756624,"26":0.6097756624,"27":0.6097756624,"28":0.6097756624,"29":0.6097756624,"30":0.6097756624,"31":0.6097756624,"32":0.6097756624,"33":0.6097756624,"34":0.6097756624,"35":0.6097756624,"36":0.6097756624,"37":0.6097756624,"38":0.6097756624,"39":0.6850962043,"40":0.6850962043,"41":0.6850962043,"42":0.6850962043,"43":0.6850962043,"44":0.6850962043,"45":0.6850962043,"46":0.6850962043,"47":0.6850962043,"48":0.6850962043,"49":0.6850962043,"50":0.6850962043,"51":0.6850962043,"52":0.6850962043,"53":0.6850962043,"54":0.6850962043,"55":0.6850962043,"56":0.6850962043,"57":0.6850962043,"58":0.6850962043,"59":0.6850962043,"60":0.6850962043,"61":0.6850962043,"62":0.6850962043,"63":0.6850962043,"64":0.6850962043,"65":0.6850962043,"66":0.6850962043,"67":0.6850962043,"68":0.6850962043,"69":0.6850962043,"70":0.6850962043,"71":0.6850962043,"72":0.6850962043,"73":0.6850962043,"74":0.6850962043,"75":0.6850962043,"76":0.6850962043,"77":0.6850962043,"78":0.6850962043,"79":0.6850962043,"80":0.6850962043,"81":0.6850962043,"82":0.6850962043,"83":0.6850962043,"84":0.6850962043,"85":0.6850962043,"86":0.6850962043,"87":0.6850962043,"88":0.6850962043,"89":0.6850962043,"90":0.6850962043,"91":0.6850962043,"92":0.6850962043,"93":0.6850962043,"94":0.6850962043,"95":0.6850962043,"96":0.6850962043,"97":0.6850962043,"98":0.6850962043,"99":0.6850962043}}