{"loss":{"0":8.4709968567,"1":8.1677770615,"2":8.0293159485,"3":7.9066166878,"4":7.8850483894,"5":7.7711720467,"6":7.9109253883,"7":8.1663866043,"8":8.2705307007,"9":8.6326417923,"10":9.3282604218,"11":9.4285516739,"12":10.2862606049,"13":10.4713935852,"14":11.294508934,"15":11.6200256348,"16":12.4931526184,"17":12.7813997269,"18":13.0034980774,"19":14.4636201859,"20":15.7123250961,"21":16.3352527618,"22":16.621301651,"23":18.0117053986,"24":19.5418167114,"25":20.3929271698,"26":20.5190601349,"27":22.2708301544,"28":23.5799808502,"29":25.2766532898,"30":26.2792129517,"31":26.7065486908,"32":28.0540332794,"33":29.267244339,"34":32.3944549561,"35":32.3482933044,"36":34.8477935791,"37":35.9452934265,"38":36.8652305603,"39":39.7133979797,"40":37.2432136536,"41":38.9011116028,"42":41.2975463867,"43":44.3891029358,"44":46.1486625671,"45":47.5329246521,"46":48.2684364319,"47":50.151599884,"48":48.4011268616,"49":54.6368255615,"50":57.3756141663,"51":58.8300209045,"52":57.3341217041,"53":59.7188148499,"54":65.3551330566,"55":65.2668838501,"56":68.6910095215,"57":69.111289978,"58":69.1146316528,"59":71.0829467773,"60":75.3889923096,"61":72.8666000366,"62":76.6101608276,"63":76.1971206665,"64":85.6006088257,"65":79.8813171387,"66":84.7942276001,"67":85.8572006226,"68":88.9381408691,"69":90.7903213501,"70":90.2574005127,"71":91.209815979,"72":95.7419128418,"73":94.9816970825,"74":100.0732345581,"75":105.5481414795,"76":108.2274703979,"77":108.2853012085,"78":115.6899414062,"79":111.3223571777,"80":114.145904541,"81":115.1993637085,"82":119.0427932739,"83":124.6119308472,"84":113.8357620239,"85":120.9100418091,"86":118.1001205444,"87":128.770904541,"88":129.4456176758,"89":127.9528884888,"90":135.056640625,"91":134.8611755371,"92":136.7973480225,"93":142.8500061035,"94":146.5423431396,"95":144.1227416992,"96":143.1309204102,"97":143.5202026367,"98":161.3533782959,"99":156.1114349365},"hamming_loss":{"0":0.4803321958,"1":0.4694055617,"2":0.4672202766,"3":0.458041966,"4":0.4624125659,"5":0.4562937021,"6":0.4650349915,"7":0.475961566,"8":0.4820804596,"9":0.4803321958,"10":0.4934440553,"11":0.5122377872,"12":0.5297203064,"13":0.5240384936,"14":0.5397727489,"15":0.556381166,"16":0.5725524426,"17":0.5869755149,"18":0.5751748681,"19":0.6013986468,"20":0.6070804596,"21":0.6232517362,"22":0.6245629787,"23":0.6333042383,"24":0.6298077106,"25":0.645541966,"26":0.6394230127,"27":0.6481643319,"28":0.6507867575,"29":0.650349617,"30":0.6516609192,"31":0.6569055915,"32":0.6608391404,"33":0.6525350213,"34":0.6573426723,"35":0.6586538553,"36":0.6604021192,"37":0.6599650979,"38":0.6656469107,"39":0.6660839915,"40":0.6660838723,"41":0.6687063575,"42":0.6643356681,"43":0.6678321958,"44":0.6665209532,"45":0.6704545617,"46":0.668269217,"47":0.6687063575,"48":0.6678321958,"49":0.6717657447,"50":0.6665210128,"51":0.6695804596,"52":0.6691434383,"53":0.6717657447,"54":0.6695804596,"55":0.6717657447,"56":0.6695804596,"57":0.6722028255,"58":0.6717657447,"59":0.6722028255,"60":0.6687062979,"61":0.6713286638,"62":0.6730769873,"63":0.6704545617,"64":0.6726399064,"65":0.6700174809,"66":0.6713286042,"67":0.6717657447,"68":0.6717657447,"69":0.6687062979,"70":0.6713287234,"71":0.6726398468,"72":0.6704545617,"73":0.6717657447,"74":0.6730769873,"75":0.6739510298,"76":0.6691433191,"77":0.6700175405,"78":0.6722028255,"79":0.6717657447,"80":0.6700174809,"81":0.6695804,"82":0.6704545617,"83":0.6700174809,"84":0.6700175405,"85":0.6691433191,"86":0.6704545617,"87":0.6722028255,"88":0.6704545617,"89":0.6722028255,"90":0.6695804,"91":0.6713286638,"92":0.6700174809,"93":0.6700174809,"94":0.6713286638,"95":0.6730769277,"96":0.6708916426,"97":0.6695804,"98":0.6708916426,"99":0.670891583},"val_loss":{"0":8.2122268677,"1":8.067029953,"2":7.9267730713,"3":7.7977004051,"4":7.6922421455,"5":7.6316623688,"6":7.6316146851,"7":7.7077927589,"8":7.8541121483,"9":8.0532188416,"10":8.3252353668,"11":8.6326274872,"12":8.9909601212,"13":9.3824472427,"14":9.8060569763,"15":10.2605190277,"16":10.725810051,"17":11.1823911667,"18":11.6530265808,"19":12.1662931442,"20":12.6505794525,"21":13.1758518219,"22":13.7726650238,"23":14.4159021378,"24":15.1042699814,"25":15.8235254288,"26":16.4705276489,"27":17.1718120575,"28":17.7160129547,"29":18.282365799,"30":18.9878120422,"31":19.811296463,"32":20.83659935,"33":21.7716808319,"34":22.6848754883,"35":23.5434131622,"36":24.448425293,"37":25.3353824615,"38":26.2128772736,"39":26.7739582062,"40":27.4753055573,"41":28.31016922,"42":29.1223220825,"43":29.6411075592,"44":30.291929245,"45":30.7459487915,"46":31.7510700226,"47":32.9712562561,"48":34.2191467285,"49":35.61170578,"50":37.123752594,"51":38.075920105,"52":39.0923576355,"53":39.7636947632,"54":40.9062652588,"55":42.1392555237,"56":43.1586914062,"57":44.3982582092,"58":45.8057556152,"59":47.0582313538,"60":47.8989372253,"61":47.9632415771,"62":47.9931411743,"63":49.0747795105,"64":50.2712287903,"65":51.4925880432,"66":52.2983398438,"67":53.0552749634,"68":53.933177948,"69":55.2999038696,"70":56.6253929138,"71":58.4273223877,"72":60.069393158,"73":61.3901367188,"74":63.0352210999,"75":64.2154846191,"76":64.7045898438,"77":65.470451355,"78":66.443359375,"79":66.9156188965,"80":67.9034194946,"81":68.8504333496,"82":69.0581436157,"83":69.2347412109,"84":70.2089614868,"85":71.9068527222,"86":73.2444229126,"87":74.3165512085,"88":75.7742614746,"89":77.3165359497,"90":78.2350845337,"91":78.9176330566,"92":79.8110351562,"93":81.8986434937,"94":84.1625289917,"95":85.3530349731,"96":86.1338577271,"97":87.8506164551,"98":90.2468338013,"99":92.4524002075},"val_hamming_loss":{"0":0.4685314894,"1":0.4702797234,"2":0.474650383,"3":0.4711538553,"4":0.4772727191,"5":0.4842657745,"6":0.4947552681,"7":0.5096153617,"8":0.5157343149,"9":0.5340909362,"10":0.561188817,"11":0.5926573277,"12":0.6101398468,"13":0.6328671575,"14":0.6520979404,"15":0.6547203064,"16":0.6608391404,"17":0.6617133617,"18":0.6634616256,"19":0.6634616256,"20":0.6643356681,"21":0.6652097702,"22":0.6652097702,"23":0.6652097702,"24":0.6652097702,"25":0.6652097702,"26":0.6660839319,"27":0.6669580936,"28":0.6669580936,"29":0.6669580936,"30":0.6669580936,"31":0.6678321958,"32":0.6678321958,"33":0.6678321958,"34":0.6678321958,"35":0.6678321958,"36":0.6678321958,"37":0.6678321958,"38":0.6678321958,"39":0.6678321958,"40":0.6678321958,"41":0.6678321958,"42":0.6678321958,"43":0.6678321958,"44":0.6678321958,"45":0.6678321958,"46":0.6678321958,"47":0.6678321958,"48":0.6678321958,"49":0.6678321958,"50":0.6678321958,"51":0.6678321958,"52":0.6678321958,"53":0.6678321958,"54":0.6678321958,"55":0.6678321958,"56":0.6678321958,"57":0.6678321958,"58":0.6678321958,"59":0.6678321958,"60":0.6678321958,"61":0.6678321958,"62":0.6678321958,"63":0.6678321958,"64":0.6678321958,"65":0.6678321958,"66":0.6678321958,"67":0.6678321958,"68":0.6678321958,"69":0.6678321958,"70":0.6678321958,"71":0.6678321958,"72":0.6678321958,"73":0.6678321958,"74":0.6678321958,"75":0.6678321958,"76":0.6678321958,"77":0.6678321958,"78":0.6678321958,"79":0.6678321958,"80":0.6678321958,"81":0.6678321958,"82":0.6678321958,"83":0.6678321958,"84":0.6678321958,"85":0.6678321958,"86":0.6678321958,"87":0.6678321958,"88":0.6678321958,"89":0.6678321958,"90":0.6678321958,"91":0.6678321958,"92":0.6678321958,"93":0.6678321958,"94":0.6678321958,"95":0.6678321958,"96":0.6678321958,"97":0.6678321958,"98":0.6678321958,"99":0.6678321958}}