{"loss":{"0":0.6966548562,"1":0.6623635888,"2":0.6364994645,"3":0.6105129123,"4":0.5861415267,"5":0.5561894774,"6":0.5354853868,"7":0.509337306,"8":0.4779538214,"9":0.4527489543,"10":0.4411881268,"11":0.420072943,"12":0.3985660672,"13":0.3785345256,"14":0.3584470749,"15":0.3449356854,"16":0.3366599083,"17":0.3187509775,"18":0.3059616983,"19":0.3066340387,"20":0.2850742638,"21":0.2757816315,"22":0.2734723687,"23":0.2639407814,"24":0.2560333908,"25":0.2564091682,"26":0.226753816,"27":0.2318940014,"28":0.2288159877,"29":0.2236085832,"30":0.208874166,"31":0.2081004977,"32":0.2093369514,"33":0.1896834373,"34":0.1914985031,"35":0.1960525513,"36":0.1865517497,"37":0.1648501754,"38":0.1728648841,"39":0.168766588,"40":0.1653764248,"41":0.1691905111,"42":0.1534900516,"43":0.1470312327,"44":0.1477739811,"45":0.1612873077,"46":0.1443799436,"47":0.1470548511,"48":0.131067127,"49":0.1443789601,"50":0.14213413,"51":0.1285538226,"52":0.1247444153,"53":0.1397253871,"54":0.1376636177,"55":0.1265260279,"56":0.1267011017,"57":0.125512585,"58":0.1264650971,"59":0.1147901788,"60":0.1243984625,"61":0.1191929653,"62":0.1256768703,"63":0.110740751,"64":0.1106352732,"65":0.1172418669,"66":0.1071147844,"67":0.1203948259,"68":0.1217046678,"69":0.1126833707,"70":0.1019040644,"71":0.1094713435,"72":0.1140382066,"73":0.1155889481,"74":0.1095120981,"75":0.108464025,"76":0.0958398655,"77":0.1035174429,"78":0.1070437431,"79":0.0984367803,"80":0.0929942802,"81":0.0959344804,"82":0.0989026129,"83":0.0962306187,"84":0.0952035934,"85":0.0943732038,"86":0.0868499801,"87":0.095043987,"88":0.0946820304,"89":0.0892930701,"90":0.1043868139,"91":0.0952570885,"92":0.0881093517,"93":0.0903631896,"94":0.088546291,"95":0.0978741199,"96":0.0923726484,"97":0.0874907598,"98":0.0967743918,"99":0.1035229191},"hamming_loss":{"0":0.4654720128,"1":0.391608417,"2":0.3422203362,"3":0.3002622426,"4":0.2801573575,"5":0.2517482936,"6":0.229020983,"7":0.2111013979,"8":0.1936188787,"9":0.1748251915,"10":0.1844405681,"11":0.1687062979,"12":0.1604021043,"13":0.1529720426,"14":0.1416083872,"15":0.1328671277,"16":0.1293706298,"17":0.1210664436,"18":0.1136363745,"19":0.1250000149,"20":0.1110139862,"21":0.1000874117,"22":0.105332166,"23":0.1031468585,"24":0.091346167,"25":0.1005244777,"26":0.0865384638,"27":0.0861014053,"28":0.0852272734,"29":0.0865384638,"30":0.0760489553,"31":0.0751748309,"32":0.0747377723,"33":0.0699300691,"34":0.0699300766,"35":0.0716783255,"36":0.0673077032,"37":0.0572552457,"38":0.0712412521,"39":0.0651223734,"40":0.0572552457,"41":0.0607517473,"42":0.0550699346,"43":0.0546328686,"44":0.0563811287,"45":0.0550699383,"46":0.0493881144,"47":0.0541958101,"48":0.0441433564,"49":0.0498251803,"50":0.0537587442,"51":0.0480769277,"52":0.0402097926,"53":0.0594405569,"54":0.046328675,"55":0.0463286676,"56":0.0476398617,"57":0.0476398617,"58":0.0432692319,"59":0.0406468585,"60":0.0476398617,"61":0.0432692319,"62":0.0415209793,"63":0.0410839207,"64":0.036713291,"65":0.0397727266,"66":0.0358391665,"67":0.0445804223,"68":0.0419580452,"69":0.045891609,"70":0.0358391628,"71":0.0393356644,"72":0.046328675,"73":0.0402097963,"74":0.0393356644,"75":0.0375874154,"76":0.0336538479,"77":0.0371503532,"78":0.041083917,"79":0.0358391628,"80":0.0301573444,"81":0.0319055952,"82":0.041083917,"83":0.0397727303,"84":0.0301573444,"85":0.0345279723,"86":0.0340909101,"87":0.036276225,"88":0.0340909101,"89":0.0340909101,"90":0.0406468548,"91":0.0358391628,"92":0.0332167819,"93":0.0345279723,"94":0.0340909101,"95":0.0358391628,"96":0.0349650383,"97":0.0327797234,"98":0.0358391628,"99":0.0415209867},"val_loss":{"0":0.6730133295,"1":0.6541064978,"2":0.635294199,"3":0.6157104373,"4":0.5953714848,"5":0.5746564269,"6":0.5533233881,"7":0.5322788954,"8":0.5122918487,"9":0.4940824509,"10":0.4776110351,"11":0.4630547762,"12":0.4508026838,"13":0.4399776757,"14":0.4303537607,"15":0.4220733941,"16":0.4145203531,"17":0.4077528119,"18":0.4016488791,"19":0.3961180747,"20":0.3908563554,"21":0.3861664534,"22":0.38215065,"23":0.3789600134,"24":0.3761229217,"25":0.3735101819,"26":0.3708460927,"27":0.3689267337,"28":0.3672161102,"29":0.3652903736,"30":0.3635286689,"31":0.3622166812,"32":0.3609726131,"33":0.3595557511,"34":0.3585035801,"35":0.3575598001,"36":0.3565080464,"37":0.3557946384,"38":0.3552258313,"39":0.3544328809,"40":0.3537153006,"41":0.3541722596,"42":0.3547879159,"43":0.3554397523,"44":0.355997622,"45":0.3564247787,"46":0.3565232456,"47":0.3565681577,"48":0.356318742,"49":0.3563813269,"50":0.3573684394,"51":0.3587119579,"52":0.3604047,"53":0.3614837825,"54":0.3622059822,"55":0.3623206019,"56":0.3626414239,"57":0.3628989458,"58":0.3635324538,"59":0.3647058308,"60":0.3655344844,"61":0.3667005301,"62":0.3673401773,"63":0.3677244484,"64":0.3679896295,"65":0.3684926331,"66":0.3698520958,"67":0.3712054193,"68":0.3737218082,"69":0.3754623532,"70":0.3770375252,"71":0.3783765733,"72":0.3795137405,"73":0.380825907,"74":0.3817850351,"75":0.3827137649,"76":0.3824270368,"77":0.3821662068,"78":0.3829662204,"79":0.3850339651,"80":0.3874012828,"81":0.3888874948,"82":0.3895442784,"83":0.3905408084,"84":0.3914653659,"85":0.3920305371,"86":0.3934406042,"87":0.3947269619,"88":0.3952353299,"89":0.395214349,"90":0.3953277469,"91":0.3964805603,"92":0.3972791433,"93":0.3981418908,"94":0.3998455107,"95":0.4022220373,"96":0.4058524966,"97":0.4083895683,"98":0.4105681479,"99":0.4129710495},"val_hamming_loss":{"0":0.4073426425,"1":0.3426573575,"2":0.2989510596,"3":0.2736014128,"4":0.2508741319,"5":0.230769217,"6":0.2281468511,"7":0.2141608596,"8":0.2001748234,"9":0.187937066,"10":0.1722028106,"11":0.1617133021,"12":0.1617133021,"13":0.1634615511,"14":0.1608391702,"15":0.1617133021,"16":0.1608391702,"17":0.1599650532,"18":0.1599650532,"19":0.1599650383,"20":0.1564685404,"21":0.1564685404,"22":0.1564685404,"23":0.1573426723,"24":0.1573426723,"25":0.1573426723,"26":0.1538461596,"27":0.1538461596,"28":0.1529720426,"29":0.1520979106,"30":0.1520979106,"31":0.1520979106,"32":0.1494755298,"33":0.1503496617,"34":0.1494755298,"35":0.1477272809,"36":0.1468531489,"37":0.1477272809,"38":0.1451049,"39":0.1451049,"40":0.1451049,"41":0.1459790319,"42":0.1433566511,"43":0.1424825191,"44":0.1424825191,"45":0.1424825191,"46":0.1433566511,"47":0.1451049,"48":0.144230783,"49":0.1424825191,"50":0.1424825191,"51":0.1433566511,"52":0.1433566511,"53":0.1433566511,"54":0.1416084021,"55":0.1398601532,"56":0.1398601532,"57":0.1398601383,"58":0.1416084021,"59":0.1416084021,"60":0.1407342702,"61":0.1416084021,"62":0.1407342702,"63":0.1398601383,"64":0.1407342702,"65":0.1407342702,"66":0.1389860213,"67":0.1389860213,"68":0.1398601532,"69":0.1398601532,"70":0.1398601383,"71":0.1389860213,"72":0.1398601532,"73":0.1398601532,"74":0.1398601532,"75":0.1398601532,"76":0.1381118894,"77":0.1372377723,"78":0.1372377723,"79":0.1389860213,"80":0.1381118894,"81":0.1389860213,"82":0.1381118894,"83":0.1372377723,"84":0.1372377723,"85":0.1372377723,"86":0.1363636404,"87":0.1381118894,"88":0.1372377723,"89":0.1354895234,"90":0.1363636404,"91":0.1354895234,"92":0.1346154064,"93":0.1346154064,"94":0.1363636404,"95":0.1372377723,"96":0.1354895085,"97":0.1354895085,"98":0.1354895085,"99":0.1354895234}}