{"loss":{"0":0.7028394341,"1":0.6969610453,"2":0.6969410181,"3":0.6936283708,"4":0.6903357506,"5":0.6835857034,"6":0.6820854545,"7":0.6825348139,"8":0.6756635904,"9":0.6669926047,"10":0.6708523631,"11":0.6657072306,"12":0.6647565365,"13":0.655883193,"14":0.6586957574,"15":0.6551126242,"16":0.6498604417,"17":0.6473500133,"18":0.6432663798,"19":0.6440845132,"20":0.6384624839,"21":0.6347814798,"22":0.6360685229,"23":0.6341005564,"24":0.6297007799,"25":0.6266766787,"26":0.6170680523,"27":0.6220026016,"28":0.6198783517,"29":0.6074846387,"30":0.6019359231,"31":0.6088156104,"32":0.6037762165,"33":0.599458158,"34":0.5992842913,"35":0.5995604992,"36":0.5926465392,"37":0.5894931555,"38":0.5859680772,"39":0.5844808221,"40":0.5835653543,"41":0.5819811225,"42":0.5765656829,"43":0.56886518,"44":0.5690819025,"45":0.5694953799,"46":0.5633020997,"47":0.5535764098,"48":0.5501064062,"49":0.5601206422,"50":0.5460121632,"51":0.544054687,"52":0.5417767763,"53":0.5415363908,"54":0.5389010906,"55":0.5390689969,"56":0.5311113596,"57":0.5304253101,"58":0.5301424861,"59":0.521517396,"60":0.5162641406,"61":0.5164932609,"62":0.5208974481,"63":0.5172367692,"64":0.5036552548,"65":0.504393816,"66":0.5076425672,"67":0.5066367388,"68":0.5032054782,"69":0.4897419214,"70":0.4867353141,"71":0.4865401089,"72":0.4940735698,"73":0.4873498976,"74":0.485548228,"75":0.485730648,"76":0.4654773474,"77":0.4769123793,"78":0.4854844809,"79":0.4749582112,"80":0.4594437778,"81":0.4640469253,"82":0.4574016333,"83":0.4537608325,"84":0.4545578957,"85":0.4555628896,"86":0.4507849514,"87":0.4523634613,"88":0.4380999506,"89":0.4420935512,"90":0.4494318664,"91":0.4400402308,"92":0.432430923,"93":0.439989537,"94":0.4293704927,"95":0.4337971807,"96":0.4300034344,"97":0.4240514636,"98":0.4332196116,"99":0.4285061657},"hamming_loss":{"0":0.4847028553,"1":0.4742133021,"2":0.4763986468,"3":0.4641608894,"4":0.457167834,"5":0.4488636255,"6":0.4414335489,"7":0.4427447617,"8":0.413461566,"9":0.409090966,"10":0.4086538553,"11":0.4125874341,"12":0.3964160681,"13":0.3776223958,"14":0.3811188936,"15":0.3767482638,"16":0.3741259277,"17":0.3579545319,"18":0.350961566,"19":0.3500874341,"20":0.3448426425,"21":0.3326049149,"22":0.3339160979,"23":0.3352272809,"24":0.3269231021,"25":0.3146853149,"26":0.3090034723,"27":0.3203671277,"28":0.3164335489,"29":0.2858391702,"30":0.2976398766,"31":0.3072552383,"32":0.2910839319,"33":0.2832167745,"34":0.288461566,"35":0.2972027957,"36":0.2775349617,"37":0.2810314894,"38":0.2709790468,"39":0.2666083872,"40":0.2683566511,"41":0.2687937021,"42":0.2478146702,"43":0.2526223958,"44":0.2569929957,"45":0.2652972043,"46":0.2395104915,"47":0.2342657447,"48":0.2268356681,"49":0.2460664213,"50":0.2390734255,"51":0.2333916277,"52":0.2355769277,"53":0.2351398617,"54":0.2329545468,"55":0.2298951149,"56":0.226398617,"57":0.2246503681,"58":0.2198426574,"59":0.2124125808,"60":0.2172202915,"61":0.2159090936,"62":0.2237762362,"63":0.2163461745,"64":0.2032342851,"65":0.1988636404,"66":0.2097902298,"67":0.2032342851,"68":0.1979895085,"69":0.2032342851,"70":0.2006118894,"71":0.1979895234,"72":0.2049825341,"73":0.1901223809,"74":0.2014860213,"75":0.1993007213,"76":0.1770104915,"77":0.1905594319,"78":0.2049825191,"79":0.1971153766,"80":0.1787587404,"81":0.1822552681,"82":0.184877634,"83":0.1695804298,"84":0.1787587553,"85":0.1805070043,"86":0.1796328872,"87":0.1752622426,"88":0.1682692319,"89":0.1752622277,"90":0.1756993234,"91":0.1673951149,"92":0.1656468511,"93":0.1752622575,"94":0.1700174958,"95":0.1695804149,"96":0.1638986021,"97":0.1569055915,"98":0.1735139936,"99":0.1695804298},"val_loss":{"0":0.6897839904,"1":0.6877701283,"2":0.6857674122,"3":0.6837909222,"4":0.681849122,"5":0.6799251437,"6":0.6780094504,"7":0.6761319637,"8":0.6742633581,"9":0.6723678708,"10":0.6704730392,"11":0.6686139703,"12":0.6667613983,"13":0.6648880243,"14":0.6629844308,"15":0.6610950828,"16":0.6591741443,"17":0.6572765112,"18":0.6553997397,"19":0.6535018086,"20":0.6516225338,"21":0.6496959329,"22":0.6477580667,"23":0.6458668113,"24":0.6439547539,"25":0.641982317,"26":0.6400085092,"27":0.6380090714,"28":0.6359395981,"29":0.6338551044,"30":0.6316957474,"31":0.6295351386,"32":0.627370894,"33":0.625216186,"34":0.6230576038,"35":0.6209095716,"36":0.6187493205,"37":0.6165238023,"38":0.6142471433,"39":0.6119440198,"40":0.6096591949,"41":0.6074162126,"42":0.6051145196,"43":0.6027272344,"44":0.6003557444,"45":0.5980626941,"46":0.5957536101,"47":0.5933613181,"48":0.5909367204,"49":0.5885872245,"50":0.5862152576,"51":0.5838943124,"52":0.5815230608,"53":0.5791846514,"54":0.5768222213,"55":0.5744769573,"56":0.5721079111,"57":0.5697305202,"58":0.5674210191,"59":0.5651424527,"60":0.5628461242,"61":0.5604991913,"62":0.5581796765,"63":0.5559173226,"64":0.5536783338,"65":0.551369369,"66":0.5491114855,"67":0.5469692945,"68":0.5447875261,"69":0.5426399112,"70":0.5404788852,"71":0.5383144021,"72":0.5362119079,"73":0.5340514779,"74":0.5319113135,"75":0.5298169255,"76":0.5277038813,"77":0.5255883932,"78":0.5235232115,"79":0.5215101838,"80":0.5194891095,"81":0.5174950957,"82":0.5155649185,"83":0.5136307478,"84":0.5117109418,"85":0.5097896457,"86":0.5078864098,"87":0.5060020685,"88":0.5041201711,"89":0.5022732615,"90":0.5004537106,"91":0.4986533225,"92":0.4968600571,"93":0.4950887561,"94":0.493347764,"95":0.4916177094,"96":0.4899033308,"97":0.4882340133,"98":0.4865967631,"99":0.4850168526},"val_hamming_loss":{"0":0.4650349915,"1":0.457167834,"2":0.4484266043,"3":0.4414335489,"4":0.4318181872,"5":0.4274475873,"6":0.4248251915,"7":0.4204545915,"8":0.4152098,"9":0.4082168341,"10":0.4012237787,"11":0.3942308128,"12":0.3837412894,"13":0.3793706596,"14":0.3706294,"15":0.3653846085,"16":0.3566433787,"17":0.3522727489,"18":0.3452797234,"19":0.3391608596,"20":0.3312937021,"21":0.3260489702,"22":0.3155594766,"23":0.3138112128,"24":0.3085664511,"25":0.3033217192,"26":0.2972027957,"27":0.2954545319,"28":0.292832166,"29":0.288461566,"30":0.2840909362,"31":0.2814685404,"32":0.2797202766,"33":0.2788461447,"34":0.2770979106,"35":0.2762237787,"36":0.2718531489,"37":0.2692308128,"38":0.2692308128,"39":0.266608417,"40":0.2657342851,"41":0.2639860213,"42":0.2604894936,"43":0.2552447319,"44":0.2534965277,"45":0.2534965277,"46":0.2517482936,"47":0.2465035319,"48":0.2421328872,"49":0.2395104915,"50":0.2395104915,"51":0.2386363894,"52":0.2360139936,"53":0.2325174958,"54":0.2307692468,"55":0.2307692468,"56":0.229020983,"57":0.229020983,"58":0.2263986021,"59":0.2255244851,"60":0.2255244851,"61":0.2246503681,"62":0.2246503681,"63":0.2255244851,"64":0.2237762362,"65":0.2211538702,"66":0.2194056064,"67":0.2202797383,"68":0.2202797383,"69":0.2185314745,"70":0.2150349617,"71":0.2141608298,"72":0.2132866979,"73":0.2124125808,"74":0.2115384638,"75":0.2115384638,"76":0.2106643319,"77":0.208916083,"78":0.2071678191,"79":0.2045454532,"80":0.2045454532,"81":0.2001748234,"82":0.1993007064,"83":0.1966783404,"84":0.1966783404,"85":0.1940559447,"86":0.1931818128,"87":0.1923076957,"88":0.1905594319,"89":0.1905594319,"90":0.1896853298,"91":0.1888111979,"92":0.1888111979,"93":0.1861888319,"94":0.1861888319,"95":0.1826923043,"96":0.1826923043,"97":0.1783216894,"98":0.1756993085,"99":0.1756993085}}