{"loss":{"0":0.6428526044,"1":0.4619754851,"2":0.3685162365,"3":0.3088888526,"4":0.2718184888,"5":0.223579064,"6":0.2120951563,"7":0.1839654595,"8":0.156930387,"9":0.1374338567,"10":0.1502518505,"11":0.1337601244,"12":0.1235570684,"13":0.1216719449,"14":0.1193883866,"15":0.1056389585,"16":0.1031275466,"17":0.1179411113,"18":0.107991226,"19":0.0977973714,"20":0.0980686396,"21":0.0921884477,"22":0.0956597775,"23":0.1086691394,"24":0.1099986956,"25":0.0903488025,"26":0.0992440432,"27":0.1054601893,"28":0.0956748948,"29":0.1007713526,"30":0.0963995159,"31":0.0912583545,"32":0.0910851508,"33":0.0854069367,"34":0.0876667202,"35":0.0849913284,"36":0.0849997476,"37":0.0737006664,"38":0.0779631361,"39":0.0853113756,"40":0.0963396579,"41":0.087488465,"42":0.0836582929,"43":0.0901971534,"44":0.0887485445,"45":0.0945668742,"46":0.0715234801,"47":0.0779149979,"48":0.071109347,"49":0.0881796181,"50":0.0881825164,"51":0.0746755749,"52":0.0815319642,"53":0.0872189626,"54":0.0748623833,"55":0.0864050165,"56":0.0637995452,"57":0.0899828821,"58":0.0959618613,"59":0.0735313818,"60":0.0906677619,"61":0.0703947172,"62":0.0942943618,"63":0.0710102841,"64":0.0722776204,"65":0.086528115,"66":0.0736044794,"67":0.0849294513,"68":0.0976572707,"69":0.0819526613,"70":0.0712642595,"71":0.0646844357,"72":0.0771466866,"73":0.0871244296,"74":0.0713911355,"75":0.0908263177,"76":0.0753687024,"77":0.0689169466,"78":0.0834114701,"79":0.0769360736,"80":0.0767585859,"81":0.079353027,"82":0.0726182908,"83":0.0776781663,"84":0.0684305131,"85":0.0721732825,"86":0.0716003701,"87":0.0751232654,"88":0.0726031289,"89":0.080563359,"90":0.0919726342,"91":0.0747467801,"92":0.0653442219,"93":0.0744897425,"94":0.0853119642,"95":0.0776593611,"96":0.0741696134,"97":0.0707062781,"98":0.0970203653,"99":0.0878143981},"hamming_loss":{"0":0.3588286936,"1":0.1997377723,"2":0.1542832255,"3":0.1350524575,"4":0.1140734404,"5":0.0939685404,"6":0.09265735,"7":0.0799825191,"8":0.0646853223,"9":0.0594405569,"10":0.0598776229,"11":0.0585664362,"12":0.0493881144,"13":0.0476398617,"14":0.0472028032,"15":0.0402097926,"16":0.0441433638,"17":0.0555069931,"18":0.0441433601,"19":0.036276225,"20":0.0371503495,"21":0.0388986021,"22":0.0415209793,"23":0.0450174846,"24":0.046328675,"25":0.0384615399,"26":0.0423951037,"27":0.0476398617,"28":0.0406468585,"29":0.0406468548,"30":0.0397727266,"31":0.0384615399,"32":0.0393356644,"33":0.0323426574,"34":0.0345279723,"35":0.0354021005,"36":0.0345279723,"37":0.0301573444,"38":0.0345279723,"39":0.0367132872,"40":0.0428321697,"41":0.0340909101,"42":0.0327797197,"43":0.0358391628,"44":0.0371503495,"45":0.0415209793,"46":0.0305944085,"47":0.0375874154,"48":0.0327797197,"49":0.041520983,"50":0.0437062979,"51":0.0297202785,"52":0.0279720295,"53":0.0397727266,"54":0.0305944066,"55":0.0354021005,"56":0.0266608372,"57":0.0415209793,"58":0.0406468548,"59":0.031468533,"60":0.0388986021,"61":0.0310314707,"62":0.0393356681,"63":0.0275349673,"64":0.0266608372,"65":0.0388986021,"66":0.0310314707,"67":0.0402097963,"68":0.0445804223,"69":0.0397727303,"70":0.0301573444,"71":0.0253496543,"72":0.0340909101,"73":0.0371503495,"74":0.0297202822,"75":0.0393356644,"76":0.0332167856,"77":0.0332167856,"78":0.0354020968,"79":0.0354020968,"80":0.0319055952,"81":0.0345279723,"82":0.0340909101,"83":0.036713291,"84":0.0332167894,"85":0.0349650346,"86":0.0340909101,"87":0.0332167856,"88":0.0327797197,"89":0.031031467,"90":0.0472027995,"91":0.0367132872,"92":0.0270979032,"93":0.0301573407,"94":0.0397727303,"95":0.0345279723,"96":0.0358391628,"97":0.0288461559,"98":0.0445804223,"99":0.0410839207},"val_loss":{"0":0.5181259513,"1":0.416593194,"2":0.3869284689,"3":0.3659826517,"4":0.3501251638,"5":0.3381279707,"6":0.3309347034,"7":0.3280178308,"8":0.3280019462,"9":0.332962811,"10":0.3423286974,"11":0.3515337706,"12":0.3591901958,"13":0.366415292,"14":0.3735584319,"15":0.3741717041,"16":0.3754481375,"17":0.383641243,"18":0.3906357586,"19":0.3952916861,"20":0.3980861604,"21":0.4081710577,"22":0.4212224782,"23":0.4250746071,"24":0.4215832949,"25":0.4210027456,"26":0.4181028605,"27":0.4203726053,"28":0.4249458313,"29":0.4247819781,"30":0.4311439395,"31":0.433965683,"32":0.436804384,"33":0.4388829172,"34":0.4454722106,"35":0.4593664408,"36":0.4701646566,"37":0.477312386,"38":0.4861903489,"39":0.4871688187,"40":0.4789845347,"41":0.4830523431,"42":0.4894336462,"43":0.4958734512,"44":0.500333786,"45":0.5034113526,"46":0.5051717758,"47":0.5095322132,"48":0.5205926299,"49":0.5304884911,"50":0.5409286022,"51":0.5472202897,"52":0.5529453158,"53":0.5483027101,"54":0.5432876945,"55":0.5401504636,"56":0.5429449081,"57":0.546533525,"58":0.5471163392,"59":0.5524696708,"60":0.5601976514,"61":0.5632047057,"62":0.5661904812,"63":0.5742319226,"64":0.5773485899,"65":0.583208859,"66":0.5977566242,"67":0.6192827821,"68":0.635406673,"69":0.6330803633,"70":0.6131067276,"71":0.6039075255,"72":0.6083158255,"73":0.617215395,"74":0.6297398806,"75":0.6416090727,"76":0.646658957,"77":0.6465336084,"78":0.6485390067,"79":0.6610068679,"80":0.666881144,"81":0.6638065577,"82":0.6623999476,"83":0.673666954,"84":0.6854503751,"85":0.6892770529,"86":0.6863902211,"87":0.693176806,"88":0.6982352734,"89":0.7007994652,"90":0.7042676806,"91":0.7101409435,"92":0.7107865214,"93":0.7155948281,"94":0.7147458196,"95":0.7124599814,"96":0.719181478,"97":0.7259735465,"98":0.7351637483,"99":0.7288833857},"val_hamming_loss":{"0":0.2036713213,"1":0.1695804298,"2":0.1643356681,"3":0.1599650383,"4":0.147727266,"5":0.1389860064,"6":0.1302447468,"7":0.1267482638,"8":0.1232517511,"9":0.124125883,"10":0.1267482638,"11":0.1276223809,"12":0.1276223809,"13":0.1267482638,"14":0.1267482638,"15":0.1258741319,"16":0.1276223809,"17":0.1293706298,"18":0.1284965128,"19":0.1267482638,"20":0.125,"21":0.1250000149,"22":0.1267482638,"23":0.1250000149,"24":0.1250000149,"25":0.123251766,"26":0.1232517511,"27":0.125,"28":0.1258741319,"29":0.125,"30":0.124125883,"31":0.124125883,"32":0.1267482638,"33":0.1267482638,"34":0.1276223809,"35":0.1276223809,"36":0.1284964979,"37":0.1284965128,"38":0.1284965128,"39":0.1258741319,"40":0.125,"41":0.1258741319,"42":0.1258741319,"43":0.125874117,"44":0.1302447468,"45":0.1284964979,"46":0.1258741319,"47":0.1258741468,"48":0.1267482638,"49":0.1258741468,"50":0.1258741319,"51":0.1258741468,"52":0.1267482638,"53":0.1276223809,"54":0.1276223809,"55":0.1276223809,"56":0.1284965128,"57":0.1276223809,"58":0.125,"59":0.1241258681,"60":0.1267482638,"61":0.1267482638,"62":0.1267482638,"63":0.1284965128,"64":0.1302447617,"65":0.1302447617,"66":0.1302447468,"67":0.1311188787,"68":0.1319930106,"69":0.1319930106,"70":0.1284965128,"71":0.1267482638,"72":0.1258741319,"73":0.1284965128,"74":0.1311188787,"75":0.1319930106,"76":0.1319930106,"77":0.1293706298,"78":0.1293706298,"79":0.1284965128,"80":0.1293706298,"81":0.1311188787,"82":0.1311188936,"83":0.1337412745,"84":0.1372377723,"85":0.1363636404,"86":0.1372377723,"87":0.1363636553,"88":0.1337412745,"89":0.1337412596,"90":0.1319930106,"91":0.1337412745,"92":0.1346154064,"93":0.1354895234,"94":0.1346153915,"95":0.1337412745,"96":0.1337412745,"97":0.1328671426,"98":0.1319930106,"99":0.1328671426}}